Date,Cash,Shares,Price,Portfolio_Value,Signal,Action
2018-01-01,100000.0,0,108.33,100000.0,0.0,HOLD
2018-01-02,100000.0,0,109.06,100000.0,0.0,HOLD
2018-01-03,100000.0,0,106.07,100000.0,0.0,HOLD
2018-01-04,100000.0,0,106.65,100000.0,-1.0,HOLD
2018-01-05,100000.0,0,105.93,100000.0,-1.0,HOLD
2018-01-08,100000.0,0,106.48,100000.0,-1.0,HOLD
2018-01-09,100000.0,0,108.55,100000.0,-1.0,HOLD
2018-01-10,100000.0,0,111.8,100000.0,-1.0,HOLD
2018-01-11,100000.0,0,109.88,100000.0,-1.0,HOLD
2018-01-12,100000.0,0,109.1,100000.0,-1.0,HOLD
2018-01-15,100000.0,0,107.8,100000.0,0.0,HOLD
2018-01-16,100000.0,0,113.6,100000.0,0.0,HOLD
2018-01-17,100000.0,0,111.46,100000.0,-1.0,HOLD
2018-01-18,100000.0,0,111.34,100000.0,0.0,HOLD
2018-01-19,100000.0,0,112.57,100000.0,0.0,HOLD
2018-01-22,100000.0,0,110.04,100000.0,0.0,HOLD
2018-01-23,100000.0,0,107.88,100000.0,0.0,HOLD
2018-01-24,100000.0,0,107.44,100000.0,0.0,HOLD
2018-01-25,100000.0,0,106.75,100000.0,0.0,HOLD
2018-01-29,100000.0,0,106.48,100000.0,0.0,HOLD
2018-01-30,100000.0,0,105.16,100000.0,0.0,HOLD
2018-01-31,100000.0,0,104.61,100000.0,0.0,HOLD
2018-02-01,100000.0,0,103.26,100000.0,0.0,HOLD
2018-02-02,100000.0,0,103.2,100000.0,0.0,HOLD
2018-02-05,100000.0,0,102.57,100000.0,0.0,HOLD
2018-02-06,100000.0,0,101.16,100000.0,0.0,HOLD
2018-02-07,100000.0,0,99.34,100000.0,0.0,HOLD
2018-02-08,100000.0,0,99.5,100000.0,0.0,HOLD
2018-02-09,100000.0,0,97.85,100000.0,0.0,HOLD
2018-02-12,4919.36,957,99.2,99857.55,1.0,BUY
2018-02-14,4919.36,957,100.75,101336.09,0.0,HOLD
2018-02-15,4919.36,957,100.42,101023.95,0.0,HOLD
2018-02-16,4919.36,957,99.91,100531.11,0.0,HOLD
2018-02-19,4919.36,957,99.55,100186.11,0.0,HOLD
2018-02-20,4919.36,957,100.06,100678.95,0.0,HOLD
2018-02-21,4919.36,957,100.32,100925.39,0.0,HOLD
2018-02-22,4919.36,957,100.47,101073.24,0.0,HOLD
2018-02-23,4919.36,957,101.28,101845.35,0.0,HOLD
2018-02-26,4919.36,957,100.11,100728.24,0.0,HOLD
2018-02-27,4919.36,957,100.17,100777.53,0.0,HOLD
2018-02-28,4919.36,957,100.53,101122.52,0.0,HOLD
2018-03-01,4919.36,957,100.42,101023.95,0.0,HOLD
2018-03-05,4919.36,957,99.89,100514.67,0.0,HOLD
2018-03-06,4919.36,957,98.52,99200.43,0.0,HOLD
2018-03-07,4919.36,957,97.97,98674.73,0.0,HOLD
2018-03-08,4919.36,957,97.92,98625.45,0.0,HOLD
2018-03-09,4919.36,957,97.86,98576.16,0.0,HOLD
2018-03-12,4919.36,957,99.8,100432.53,0.0,HOLD
2018-03-13,4919.36,957,101.83,102371.06,0.0,HOLD
2018-03-14,4919.36,957,100.89,101467.51,0.0,HOLD
2018-03-15,4919.36,957,100.73,101319.65,0.0,HOLD
2018-03-16,4919.36,957,101.54,102091.79,0.0,HOLD
2018-03-19,4919.36,957,99.1,99758.98,0.0,HOLD
2018-03-20,4919.36,957,100.8,101385.37,0.0,HOLD
2018-03-21,4919.36,957,101.37,101927.5,0.0,HOLD
2018-03-22,4919.36,957,99.03,99693.28,0.0,HOLD
2018-03-23,4919.36,957,97.73,98444.72,0.0,HOLD
2018-03-26,4919.36,957,94.07,94945.54,0.0,HOLD
2018-03-27,4919.36,957,94.09,94961.97,0.0,HOLD
2018-03-28,4919.36,957,96.53,97294.76,0.0,HOLD
2018-04-02,4919.36,957,99.44,100087.54,0.0,HOLD
2018-04-03,4919.36,957,97.47,98198.31,0.0,HOLD
2018-04-04,4919.36,957,96.68,97442.62,0.0,HOLD
2018-04-05,4919.36,957,98.28,98970.43,0.0,HOLD
2018-04-06,4919.36,957,97.49,98214.74,0.0,HOLD
2018-04-09,4919.36,957,97.86,98576.16,0.0,HOLD
2018-04-10,4919.36,957,98.19,98888.29,0.0,HOLD
2018-04-11,4919.36,957,98.09,98789.73,0.0,HOLD
2018-04-12,4919.36,957,98.48,99167.56,0.0,HOLD
2018-04-13,4919.36,957,100.99,101566.07,0.0,HOLD
2018-04-16,4919.36,957,99.53,100169.68,0.0,HOLD
2018-04-17,4919.36,957,97.76,98477.59,0.0,HOLD
2018-04-18,4919.36,957,100.47,101073.24,0.0,HOLD
2018-04-19,4919.36,957,100.41,101007.52,0.0,HOLD
2018-04-20,4919.36,957,102.33,102847.46,0.0,HOLD
2018-04-23,4919.36,957,102.09,102617.48,0.0,HOLD
2018-04-24,4919.36,957,98.52,99200.43,0.0,HOLD
2018-04-25,4919.36,957,98.59,99266.13,0.0,HOLD
2018-04-26,4919.36,957,96.59,97360.47,0.0,HOLD
2018-04-27,4919.36,957,94.81,95651.94,0.0,HOLD
2018-04-30,4919.36,957,95.7,96506.2,0.0,HOLD
2018-05-02,4919.36,957,94.6,95454.81,0.0,HOLD
2018-05-03,4919.36,957,93.2,94107.7,0.0,HOLD
2018-05-04,4919.36,957,92.66,93598.44,0.0,HOLD
2018-05-07,4919.36,957,94.33,95191.95,0.0,HOLD
2018-05-08,4919.36,957,93.64,94534.82,0.0,HOLD
2018-05-09,4919.36,957,92.78,93713.42,0.0,HOLD
2018-05-10,4919.36,957,92.85,93779.14,0.0,HOLD
2018-05-11,4919.36,957,93.61,94501.97,0.0,HOLD
2018-05-14,4919.36,957,93.5,94403.4,0.0,HOLD
2018-05-15,4919.36,957,93.04,93959.86,0.0,HOLD
2018-05-16,4919.36,957,94.31,95175.54,0.0,HOLD
2018-05-17,4919.36,957,95.56,96374.8,0.0,HOLD
2018-05-18,4919.36,957,92.32,93269.87,0.0,HOLD
2018-05-21,4919.36,957,90.93,91939.19,0.0,HOLD
2018-05-22,4919.36,957,90.96,91972.06,0.0,HOLD
2018-05-23,4919.36,957,90.45,91479.21,0.0,HOLD
2018-05-24,4919.36,957,90.76,91774.9,0.0,HOLD
2018-05-25,4919.36,957,90.84,91857.06,0.0,HOLD
2018-05-28,4919.36,957,90.4,91429.91,0.0,HOLD
2018-05-29,4919.36,957,90.29,91331.34,0.0,HOLD
2018-05-30,4919.36,957,89.56,90624.94,0.0,HOLD
2018-05-31,4919.36,957,89.92,90969.93,0.0,HOLD
2018-06-01,4919.36,957,89.47,90542.8,0.0,HOLD
2018-06-04,4919.36,957,89.32,90394.95,0.0,HOLD
2018-06-05,4919.36,957,87.63,88784.99,0.0,HOLD
2018-06-06,4919.36,957,89.01,90099.24,1.0,HOLD
2018-06-07,4919.36,957,90.84,91857.06,0.0,HOLD
2018-06-08,4919.36,957,90.64,91659.93,0.0,HOLD
2018-06-11,4919.36,957,90.78,91791.34,0.0,HOLD
2018-06-12,4919.36,957,91.48,92464.89,0.0,HOLD
2018-06-13,4919.36,957,92.29,93237.01,0.0,HOLD
2018-06-14,4919.36,957,91.46,92448.46,0.0,HOLD
2018-06-15,4919.36,957,91.63,92612.73,0.0,HOLD
2018-06-18,4919.36,957,91.24,92234.9,0.0,HOLD
2018-06-19,4919.36,957,89.61,90674.22,0.0,HOLD
2018-06-20,4919.36,957,89.16,90247.09,0.0,HOLD
2018-06-21,4919.36,957,88.8,89902.09,0.0,HOLD
2018-06-22,4919.36,957,88.66,89770.68,0.0,HOLD
2018-06-25,4919.36,957,88.41,89524.26,0.0,HOLD
2018-06-26,4919.36,957,88.44,89557.11,0.0,HOLD
2018-06-27,4919.36,957,87.91,89047.85,0.0,HOLD
2018-06-28,4919.36,957,88.27,89392.84,0.0,HOLD
2018-06-29,4919.36,957,89.78,90838.52,0.0,HOLD
2018-07-02,4919.36,957,89.47,90542.8,0.0,HOLD
2018-07-03,4919.36,957,89.92,90969.93,0.0,HOLD
2018-07-04,4919.36,957,89.93,90986.36,0.0,HOLD
2018-07-05,4919.36,957,90.67,91692.77,0.0,HOLD
2018-07-06,4919.36,957,90.23,91265.64,0.0,HOLD
2018-07-09,4919.36,957,90.96,91972.06,0.0,HOLD
2018-07-10,4919.36,957,92.9,93828.41,0.0,HOLD
2018-07-11,4919.36,957,93.42,94321.25,0.0,HOLD
2018-07-12,4919.36,957,95.94,96736.21,0.0,HOLD
2018-07-13,97057.82,0,96.42,97057.82,-1.0,SELL
2018-07-16,97057.82,0,97.2,97057.82,-1.0,HOLD
2018-07-17,97057.82,0,97.47,97057.82,-1.0,HOLD
2018-07-18,97057.82,0,97.78,97057.82,-1.0,HOLD
2018-07-19,97057.82,0,98.12,97057.82,-1.0,HOLD
2018-07-20,97057.82,0,97.16,97057.82,-1.0,HOLD
2018-07-23,97057.82,0,94.91,97057.82,-1.0,HOLD
2018-07-24,97057.82,0,93.71,97057.82,0.0,HOLD
2018-07-25,97057.82,0,94.31,97057.82,0.0,HOLD
2018-07-26,97057.82,0,93.18,97057.82,0.0,HOLD
2018-07-27,97057.82,0,94.24,97057.82,0.0,HOLD
2018-07-30,97057.82,0,93.78,97057.82,0.0,HOLD
2018-07-31,97057.82,0,94.9,97057.82,0.0,HOLD
2018-08-01,97057.82,0,95.22,97057.82,0.0,HOLD
2018-08-02,97057.82,0,95.82,97057.82,0.0,HOLD
2018-08-03,97057.82,0,95.44,97057.82,0.0,HOLD
2018-08-06,97057.82,0,95.12,97057.82,0.0,HOLD
2018-08-07,97057.82,0,95.26,97057.82,0.0,HOLD
2018-08-08,97057.82,0,95.62,97057.82,0.0,HOLD
2018-08-09,97057.82,0,95.68,97057.82,0.0,HOLD
2018-08-10,97057.82,0,95.74,97057.82,0.0,HOLD
2018-08-13,97057.82,0,96.77,97057.82,0.0,HOLD
2018-08-14,97057.82,0,97.86,97057.82,0.0,HOLD
2018-08-16,97057.82,0,95.94,97057.82,0.0,HOLD
2018-08-17,97057.82,0,96.15,97057.82,0.0,HOLD
2018-08-20,97057.82,0,97.86,97057.82,0.0,HOLD
2018-08-21,97057.82,0,99.2,97057.82,0.0,HOLD
2018-08-23,97057.82,0,99.48,97057.82,0.0,HOLD
2018-08-24,97057.82,0,100.3,97057.82,0.0,HOLD
2018-08-27,97057.82,0,101.57,97057.82,-1.0,HOLD
2018-08-28,97057.82,0,101.49,97057.82,-1.0,HOLD
2018-08-29,97057.82,0,101.88,97057.82,-1.0,HOLD
2018-08-30,97057.82,0,102.64,97057.82,-1.0,HOLD
2018-08-31,97057.82,0,103.43,97057.82,-1.0,HOLD
2018-09-03,97057.82,0,105.86,97057.82,-1.0,HOLD
2018-09-04,97057.82,0,107.58,97057.82,-1.0,HOLD
2018-09-05,97057.82,0,109.47,97057.82,-1.0,HOLD
2018-09-06,97057.82,0,110.28,97057.82,-1.0,HOLD
2018-09-07,97057.82,0,111.48,97057.82,-1.0,HOLD
2018-09-10,97057.82,0,111.58,97057.82,-1.0,HOLD
2018-09-11,97057.82,0,111.22,97057.82,-1.0,HOLD
2018-09-12,97057.82,0,112.87,97057.82,-1.0,HOLD
2018-09-14,97057.82,0,113.37,97057.82,-1.0,HOLD
2018-09-17,97057.82,0,113.26,97057.82,-1.0,HOLD
2018-09-18,97057.82,0,114.17,97057.82,-1.0,HOLD
2018-09-19,97057.82,0,114.22,97057.82,-1.0,HOLD
2018-09-21,97057.82,0,115.08,97057.82,-1.0,HOLD
2018-09-24,97057.82,0,114.22,97057.82,-1.0,HOLD
2018-09-25,97057.82,0,112.71,97057.82,-1.0,HOLD
2018-09-26,97057.82,0,109.61,97057.82,-1.0,HOLD
2018-09-27,97057.82,0,109.5,97057.82,0.0,HOLD
2018-09-28,97057.82,0,111.24,97057.82,0.0,HOLD
2018-10-01,97057.82,0,113.35,97057.82,0.0,HOLD
2018-10-03,97057.82,0,112.44,97057.82,0.0,HOLD
2018-10-04,97057.82,0,111.8,97057.82,0.0,HOLD
2018-10-05,97057.82,0,111.68,97057.82,0.0,HOLD
2018-10-08,97057.82,0,109.01,97057.82,0.0,HOLD
2018-10-09,97057.82,0,110.43,97057.82,0.0,HOLD
2018-10-10,97057.82,0,108.47,97057.82,0.0,HOLD
2018-10-11,97057.82,0,107.48,97057.82,0.0,HOLD
2018-10-12,97057.82,0,108.59,97057.82,0.0,HOLD
2018-10-15,97057.82,0,109.85,97057.82,0.0,HOLD
2018-10-16,97057.82,0,109.54,97057.82,0.0,HOLD
2018-10-17,97057.82,0,110.95,97057.82,0.0,HOLD
2018-10-19,97057.82,0,110.95,97057.82,0.0,HOLD
2018-10-22,97057.82,0,110.62,97057.82,0.0,HOLD
2018-10-23,97057.82,0,106.12,97057.82,0.0,HOLD
2018-10-24,97057.82,0,106.02,97057.82,0.0,HOLD
2018-10-25,97057.82,0,109.37,97057.82,0.0,HOLD
2018-10-26,97057.82,0,110.07,97057.82,0.0,HOLD
2018-10-29,97057.82,0,113.13,97057.82,0.0,HOLD
2018-10-30,97057.82,0,112.44,97057.82,0.0,HOLD
2018-10-31,97057.82,0,113.71,97057.82,0.0,HOLD
2018-11-01,97057.82,0,113.18,97057.82,0.0,HOLD
2018-11-02,97057.82,0,109.31,97057.82,0.0,HOLD
2018-11-05,97057.82,0,111.27,97057.82,0.0,HOLD
2018-11-06,97057.82,0,111.55,97057.82,0.0,HOLD
2018-11-07,97057.82,0,111.7,97057.82,0.0,HOLD
2018-11-09,97057.82,0,111.53,97057.82,0.0,HOLD
2018-11-12,97057.82,0,111.01,97057.82,0.0,HOLD
2018-11-13,97057.82,0,111.98,97057.82,0.0,HOLD
2018-11-14,97057.82,0,111.43,97057.82,0.0,HOLD
2018-11-15,97057.82,0,110.95,97057.82,0.0,HOLD
2018-11-16,97057.82,0,111.99,97057.82,0.0,HOLD
2018-11-19,97057.82,0,114.28,97057.82,0.0,HOLD
2018-11-20,97057.82,0,110.31,97057.82,0.0,HOLD
2018-11-21,97057.82,0,107.86,97057.82,0.0,HOLD
2018-11-22,97057.82,0,105.44,97057.82,0.0,HOLD
2018-11-26,97057.82,0,109.33,97057.82,0.0,HOLD
2018-11-27,97057.82,0,107.13,97057.82,0.0,HOLD
2018-11-28,97057.82,0,106.53,97057.82,0.0,HOLD
2018-11-29,97057.82,0,108.11,97057.82,0.0,HOLD
2018-11-30,97057.82,0,111.46,97057.82,0.0,HOLD
2018-12-03,97057.82,0,112.7,97057.82,0.0,HOLD
2018-12-04,97057.82,0,115.0,97057.82,0.0,HOLD
2018-12-05,97057.82,0,115.51,97057.82,0.0,HOLD
2018-12-06,97057.82,0,113.86,97057.82,0.0,HOLD
2018-12-07,97057.82,0,114.43,97057.82,0.0,HOLD
2018-12-10,97057.82,0,112.13,97057.82,0.0,HOLD
2018-12-11,97057.82,0,112.61,97057.82,0.0,HOLD
2018-12-12,97057.82,0,113.31,97057.82,0.0,HOLD
2018-12-13,97057.82,0,116.27,97057.82,0.0,HOLD
2018-12-14,97057.82,0,114.36,97057.82,0.0,HOLD
2018-12-17,97057.82,0,116.59,97057.82,0.0,HOLD
2018-12-18,97057.82,0,115.03,97057.82,0.0,HOLD
2018-12-19,97057.82,0,116.97,97057.82,0.0,HOLD
2018-12-20,97057.82,0,114.41,97057.82,0.0,HOLD
2018-12-21,97057.82,0,110.59,97057.82,0.0,HOLD
2018-12-24,97057.82,0,112.16,97057.82,0.0,HOLD
2018-12-26,97057.82,0,111.98,97057.82,0.0,HOLD
2018-12-27,97057.82,0,112.42,97057.82,0.0,HOLD
2018-12-28,97057.82,0,113.31,97057.82,0.0,HOLD
2018-12-31,97057.82,0,113.59,97057.82,0.0,HOLD
2019-01-01,97057.82,0,112.15,97057.82,0.0,HOLD
2019-01-02,97057.82,0,111.77,97057.82,0.0,HOLD
2019-01-03,97057.82,0,111.75,97057.82,0.0,HOLD
2019-01-04,97057.82,0,111.39,97057.82,0.0,HOLD
2019-01-07,97057.82,0,111.32,97057.82,0.0,HOLD
2019-01-08,97057.82,0,111.77,97057.82,0.0,HOLD
2019-01-09,97057.82,0,112.95,97057.82,0.0,HOLD
2019-01-10,97057.82,0,111.84,97057.82,0.0,HOLD
2019-01-11,97057.82,0,112.85,97057.82,0.0,HOLD
2019-01-14,97057.82,0,107.31,97057.82,0.0,HOLD
2019-01-15,97057.82,0,113.23,97057.82,0.0,HOLD
2019-01-16,97057.82,0,115.55,97057.82,0.0,HOLD
2019-01-17,97057.82,0,115.15,97057.82,0.0,HOLD
2019-01-18,97057.82,0,118.84,97057.82,0.0,HOLD
2019-01-21,97057.82,0,115.98,97057.82,0.0,HOLD
2019-01-22,97057.82,0,118.96,97057.82,0.0,HOLD
2019-01-23,97057.82,0,120.7,97057.82,0.0,HOLD
2019-01-24,97057.82,0,120.76,97057.82,0.0,HOLD
2019-01-25,97057.82,0,121.35,97057.82,0.0,HOLD
2019-01-28,97057.82,0,121.93,97057.82,0.0,HOLD
2019-01-29,97057.82,0,123.74,97057.82,0.0,HOLD
2019-01-30,97057.82,0,125.07,97057.82,0.0,HOLD
2019-01-31,97057.82,0,127.11,97057.82,0.0,HOLD
2019-02-01,97057.82,0,127.92,97057.82,-1.0,HOLD
2019-02-04,97057.82,0,127.82,97057.82,-1.0,HOLD
2019-02-05,97057.82,0,126.86,97057.82,-1.0,HOLD
2019-02-06,97057.82,0,128.15,97057.82,0.0,HOLD
2019-02-07,97057.82,0,128.63,97057.82,-1.0,HOLD
2019-02-08,97057.82,0,128.32,97057.82,-1.0,HOLD
2019-02-11,97057.82,0,128.44,97057.82,-1.0,HOLD
2019-02-12,97057.82,0,129.11,97057.82,-1.0,HOLD
2019-02-14,97057.82,0,129.15,97057.82,-1.0,HOLD
2019-02-15,97057.82,0,129.49,97057.82,-1.0,HOLD
2019-02-18,97057.82,0,129.32,97057.82,-1.0,HOLD
2019-02-19,97057.82,0,125.13,97057.82,-1.0,HOLD
2019-02-20,97057.82,0,128.15,97057.82,0.0,HOLD
2019-02-21,97057.82,0,128.96,97057.82,0.0,HOLD
2019-02-22,97057.82,0,130.4,97057.82,0.0,HOLD
2019-02-25,97057.82,0,132.69,97057.82,0.0,HOLD
2019-02-26,97057.82,0,133.47,97057.82,-1.0,HOLD
2019-02-27,97057.82,0,128.9,97057.82,-1.0,HOLD
2019-02-28,97057.82,0,127.01,97057.82,0.0,HOLD
2019-03-01,97057.82,0,129.35,97057.82,0.0,HOLD
2019-03-05,97057.82,0,125.19,97057.82,0.0,HOLD
2019-03-06,97057.82,0,127.37,97057.82,0.0,HOLD
2019-03-07,97057.82,0,123.42,97057.82,0.0,HOLD
2019-03-08,97057.82,0,118.3,97057.82,0.0,HOLD
2019-03-11,97057.82,0,119.24,97057.82,0.0,HOLD
2019-03-12,97057.82,0,119.98,97057.82,0.0,HOLD
2019-03-13,97057.82,0,118.39,97057.82,0.0,HOLD
2019-03-14,97057.82,0,117.91,97057.82,0.0,HOLD
2019-03-15,97057.82,0,120.94,97057.82,0.0,HOLD
2019-03-18,97057.82,0,118.25,97057.82,0.0,HOLD
2019-03-19,97057.82,0,118.19,97057.82,0.0,HOLD
2019-03-20,97057.82,0,120.07,97057.82,0.0,HOLD
2019-03-22,97057.82,0,119.61,97057.82,0.0,HOLD
2019-03-25,97057.82,0,117.75,97057.82,0.0,HOLD
2019-03-26,97057.82,0,117.06,97057.82,0.0,HOLD
2019-03-27,97057.82,0,116.85,97057.82,0.0,HOLD
2019-03-28,97057.82,0,116.95,97057.82,0.0,HOLD
2019-04-01,97057.82,0,120.11,97057.82,0.0,HOLD
2019-04-02,97057.82,0,120.11,97057.82,0.0,HOLD
2019-04-03,97057.82,0,120.11,97057.82,0.0,HOLD
2019-04-04,97057.82,0,118.92,97057.82,0.0,HOLD
2019-04-05,97057.82,0,120.32,97057.82,0.0,HOLD
2019-04-08,97057.82,0,121.05,97057.82,0.0,HOLD
2019-04-09,97057.82,0,125.69,97057.82,0.0,HOLD
2019-04-10,97057.82,0,129.0,97057.82,0.0,HOLD
2019-04-11,97057.82,0,129.13,97057.82,0.0,HOLD
2019-04-12,97057.82,0,130.1,97057.82,0.0,HOLD
2019-04-15,97057.82,0,132.07,97057.82,0.0,HOLD
2019-04-16,97057.82,0,128.95,97057.82,-1.0,HOLD
2019-04-18,97057.82,0,130.74,97057.82,0.0,HOLD
2019-04-22,97057.82,0,132.32,97057.82,0.0,HOLD
2019-04-23,97057.82,0,133.63,97057.82,0.0,HOLD
2019-04-24,97057.82,0,134.53,97057.82,0.0,HOLD
2019-04-25,97057.82,0,135.51,97057.82,-1.0,HOLD
2019-04-26,97057.82,0,135.33,97057.82,-1.0,HOLD
2019-04-30,97057.82,0,137.05,97057.82,-1.0,HOLD
2019-05-02,97057.82,0,134.8,97057.82,-1.0,HOLD
2019-05-03,97057.82,0,133.54,97057.82,0.0,HOLD
2019-05-06,97057.82,0,133.52,97057.82,0.0,HOLD
2019-05-07,97057.82,0,134.89,97057.82,0.0,HOLD
2019-05-08,97057.82,0,133.52,97057.82,0.0,HOLD
2019-05-09,97057.82,0,133.61,97057.82,0.0,HOLD
2019-05-10,97057.82,0,133.29,97057.82,0.0,HOLD
2019-05-13,97057.82,0,132.71,97057.82,0.0,HOLD
2019-05-14,97057.82,0,130.65,97057.82,0.0,HOLD
2019-05-15,97057.82,0,129.91,97057.82,0.0,HOLD
2019-05-16,97057.82,0,130.99,97057.82,0.0,HOLD
2019-05-17,97057.82,0,131.47,97057.82,0.0,HOLD
2019-05-20,97057.82,0,133.24,97057.82,0.0,HOLD
2019-05-21,97057.82,0,131.7,97057.82,0.0,HOLD
2019-05-22,97057.82,0,129.96,97057.82,0.0,HOLD
2019-05-23,97057.82,0,129.55,97057.82,0.0,HOLD
2019-05-24,97057.82,0,129.87,97057.82,0.0,HOLD
2019-05-27,97057.82,0,128.77,97057.82,0.0,HOLD
2019-05-28,97057.82,0,129.89,97057.82,0.0,HOLD
2019-05-29,97057.82,0,131.15,97057.82,0.0,HOLD
2019-05-30,97057.82,0,132.21,97057.82,0.0,HOLD
2019-05-31,97057.82,0,131.47,97057.82,0.0,HOLD
2019-06-03,97057.82,0,133.72,97057.82,0.0,HOLD
2019-06-04,97057.82,0,134.85,97057.82,0.0,HOLD
2019-06-06,97057.82,0,133.82,97057.82,0.0,HOLD
2019-06-07,97057.82,0,135.45,97057.82,0.0,HOLD
2019-06-10,97057.82,0,136.39,97057.82,0.0,HOLD
2019-06-11,97057.82,0,136.66,97057.82,0.0,HOLD
2019-06-12,97057.82,0,136.8,97057.82,0.0,HOLD
2019-06-13,97057.82,0,136.98,97057.82,0.0,HOLD
2019-06-14,97057.82,0,137.17,97057.82,0.0,HOLD
2019-06-17,97057.82,0,137.33,97057.82,0.0,HOLD
2019-06-18,97057.82,0,136.8,97057.82,0.0,HOLD
2019-06-19,97057.82,0,134.99,97057.82,0.0,HOLD
2019-06-20,97057.82,0,131.73,97057.82,0.0,HOLD
2019-06-21,97057.82,0,131.22,97057.82,0.0,HOLD
2019-06-24,97057.82,0,130.33,97057.82,0.0,HOLD
2019-06-25,97057.82,0,130.97,97057.82,0.0,HOLD
2019-06-26,97057.82,0,131.36,97057.82,0.0,HOLD
2019-06-27,97057.82,0,129.5,97057.82,0.0,HOLD
2019-06-28,97057.82,0,128.77,97057.82,0.0,HOLD
2019-07-01,97057.82,0,129.45,97057.82,0.0,HOLD
2019-07-02,97057.82,0,130.49,97057.82,0.0,HOLD
2019-07-03,97057.82,0,129.85,97057.82,0.0,HOLD
2019-07-04,97057.82,0,130.3,97057.82,0.0,HOLD
2019-07-05,97057.82,0,124.8,97057.82,0.0,HOLD
2019-07-08,4782.17,752,122.52,96919.57,1.0,BUY
2019-07-09,4782.17,752,121.88,96436.25,1.0,HOLD
2019-07-10,4782.17,752,122.55,96936.81,1.0,HOLD
2019-07-11,4782.17,752,122.91,97213.0,1.0,HOLD
2019-07-12,4782.17,752,118.87,94175.12,1.0,HOLD
2019-07-15,4782.17,752,119.31,94503.08,1.0,HOLD
2019-07-16,4782.17,752,119.36,94537.59,1.0,HOLD
2019-07-17,4782.17,752,119.17,94399.52,1.0,HOLD
2019-07-18,4782.17,752,123.53,97679.04,1.0,HOLD
2019-07-19,4782.17,752,121.51,96160.1,0.0,HOLD
2019-07-22,4782.17,752,121.56,96194.6,0.0,HOLD
2019-07-23,4782.17,752,121.42,96091.05,0.0,HOLD
2019-07-24,4782.17,752,121.28,95987.48,0.0,HOLD
2019-07-25,4782.17,752,120.39,95314.33,0.0,HOLD
2019-07-26,4782.17,752,121.01,95780.37,0.0,HOLD
2019-07-29,4782.17,752,120.46,95366.11,0.0,HOLD
2019-07-30,4782.17,752,120.41,95331.57,0.0,HOLD
2019-07-31,4782.17,752,121.79,96367.21,0.0,HOLD
2019-08-01,4782.17,752,124.13,98127.81,0.0,HOLD
2019-08-02,4782.17,752,121.03,95797.62,0.0,HOLD
2019-08-05,4782.17,752,120.27,95228.02,0.0,HOLD
2019-08-06,4782.17,752,118.85,94157.86,0.0,HOLD
2019-08-07,4782.17,752,120.53,95417.88,0.0,HOLD
2019-08-08,4782.17,752,122.0,96522.57,0.0,HOLD
2019-08-09,4782.17,752,120.96,95745.84,0.0,HOLD
2019-08-13,4782.17,752,118.67,94019.77,0.0,HOLD
2019-08-14,4782.17,752,115.25,91447.93,0.0,HOLD
2019-08-16,4782.17,752,114.4,90809.29,0.0,HOLD
2019-08-19,4782.17,752,115.73,91810.41,0.0,HOLD
2019-08-20,4782.17,752,116.28,92224.66,0.0,HOLD
2019-08-21,4782.17,752,115.87,91913.96,0.0,HOLD
2019-08-22,4782.17,752,115.71,91793.14,0.0,HOLD
2019-08-23,4782.17,752,115.41,91568.76,0.0,HOLD
2019-08-26,4782.17,752,114.35,90774.78,0.0,HOLD
2019-08-27,4782.17,752,114.81,91119.98,0.0,HOLD
2019-08-28,4782.17,752,114.42,90826.56,0.0,HOLD
2019-08-29,4782.17,752,114.21,90671.21,0.0,HOLD
2019-08-30,4782.17,752,116.78,92604.39,0.0,HOLD
2019-09-03,4782.17,752,116.44,92345.48,0.0,HOLD
2019-09-04,4782.17,752,117.54,93174.0,0.0,HOLD
2019-09-05,4782.17,752,117.34,93018.66,0.0,HOLD
2019-09-06,4782.17,752,115.68,91775.9,0.0,HOLD
2019-09-09,4782.17,752,117.34,93018.66,0.0,HOLD
2019-09-11,4782.17,752,113.92,90446.81,0.0,HOLD
2019-09-12,4782.17,752,112.26,89204.05,0.0,HOLD
2019-09-13,4782.17,752,112.63,89480.23,0.0,HOLD
2019-09-16,4782.17,752,113.43,90084.34,0.0,HOLD
2019-09-17,4782.17,752,112.08,89065.95,0.0,HOLD
2019-09-18,4782.17,752,112.15,89117.74,0.0,HOLD
2019-09-19,4782.17,752,110.86,88151.15,0.0,HOLD
2019-09-20,4782.17,752,112.91,89687.34,0.0,HOLD
2019-09-23,4782.17,752,109.88,87408.95,0.0,HOLD
2019-09-24,4782.17,752,110.5,87874.98,0.0,HOLD
2019-09-25,4782.17,752,109.62,87219.08,0.0,HOLD
2019-09-26,4782.17,752,108.84,86632.21,0.0,HOLD
2019-09-27,4782.17,752,108.61,86459.61,0.0,HOLD
2019-09-30,4782.17,752,110.08,87564.28,0.0,HOLD
2019-10-01,4782.17,752,107.19,85389.45,0.0,HOLD
2019-10-03,4782.17,752,108.27,86200.69,0.0,HOLD
2019-10-04,4782.17,752,109.12,86839.34,0.0,HOLD
2019-10-07,4782.17,752,108.82,86614.95,0.0,HOLD
2019-10-09,4782.17,752,109.14,86856.6,0.0,HOLD
2019-10-10,4782.17,752,109.81,87357.16,0.0,HOLD
2019-10-11,4782.17,752,109.92,87443.46,0.0,HOLD
2019-10-14,4782.17,752,111.76,88824.32,0.0,HOLD
2019-10-15,4782.17,752,111.85,88893.36,0.0,HOLD
2019-10-16,4782.17,752,114.26,90705.73,0.0,HOLD
2019-10-17,4782.17,752,113.78,90343.26,0.0,HOLD
2019-10-18,4782.17,752,114.26,90705.73,0.0,HOLD
2019-10-22,4782.17,752,116.39,92310.96,0.0,HOLD
2019-10-23,4782.17,752,116.76,92587.13,0.0,HOLD
2019-10-24,4782.17,752,114.58,90947.38,0.0,HOLD
2019-10-25,4782.17,752,116.14,92121.11,0.0,HOLD
2019-10-27,4782.17,752,116.44,92345.48,0.0,HOLD
2019-10-29,4782.17,752,117.15,92880.56,0.0,HOLD
2019-10-30,4782.17,752,116.95,92725.22,0.0,HOLD
2019-10-31,4782.17,752,119.03,94295.95,0.0,HOLD
2019-11-01,4782.17,752,118.71,94054.31,0.0,HOLD
2019-11-04,4782.17,752,117.79,93363.87,0.0,HOLD
2019-11-05,4782.17,752,118.67,94019.77,0.0,HOLD
2019-11-06,4782.17,752,117.91,93450.17,0.0,HOLD
2019-11-07,4782.17,752,119.19,94416.77,0.0,HOLD
2019-11-08,4782.17,752,117.7,93294.82,0.0,HOLD
2019-11-11,4782.17,752,117.73,93312.1,0.0,HOLD
2019-11-13,4782.17,752,116.19,92155.62,0.0,HOLD
2019-11-14,4782.17,752,116.03,92034.79,0.0,HOLD
2019-11-15,4782.17,752,115.94,91965.77,0.0,HOLD
2019-11-18,4782.17,752,114.51,90895.6,0.0,HOLD
2019-11-19,4782.17,752,114.95,91223.54,0.0,HOLD
2019-11-20,4782.17,752,114.26,90705.73,0.0,HOLD
2019-11-21,4782.17,752,113.64,90239.69,0.0,HOLD
2019-11-22,4782.17,752,111.6,88703.49,0.0,HOLD
2019-11-25,4782.17,752,111.55,88668.97,0.0,HOLD
2019-11-26,4782.17,752,109.05,86787.56,0.0,HOLD
2019-11-27,4782.17,752,110.2,87650.59,1.0,HOLD
2019-11-28,4782.17,752,110.08,87564.28,0.0,HOLD
2019-11-29,4782.17,752,109.12,86839.34,0.0,HOLD
2019-12-02,4782.17,752,109.53,87150.03,0.0,HOLD
2019-12-03,4782.17,752,108.71,86528.64,0.0,HOLD
2019-12-04,4782.17,752,111.18,88392.79,0.0,HOLD
2019-12-05,4782.17,752,111.87,88910.62,0.0,HOLD
2019-12-06,4782.17,752,110.63,87978.54,0.0,HOLD
2019-12-09,4782.17,752,110.36,87771.42,0.0,HOLD
2019-12-10,4782.17,752,109.33,86994.68,0.0,HOLD
2019-12-11,4782.17,752,110.2,87650.59,0.0,HOLD
2019-12-12,4782.17,752,109.92,87443.46,0.0,HOLD
2019-12-13,4782.17,752,111.94,88962.41,0.0,HOLD
2019-12-16,4782.17,752,111.62,88720.75,0.0,HOLD
2019-12-17,4782.17,752,112.35,89273.08,0.0,HOLD
2019-12-18,4782.17,752,113.98,90498.6,0.0,HOLD
2019-12-19,4782.17,752,114.4,90809.29,0.0,HOLD
2019-12-20,4782.17,752,115.59,91706.84,0.0,HOLD
2019-12-23,4782.17,752,116.53,92414.53,0.0,HOLD
2019-12-24,4782.17,752,115.8,91862.19,0.0,HOLD
2019-12-26,4782.17,752,114.9,91189.02,0.0,HOLD
2019-12-27,4782.17,752,113.64,90239.69,0.0,HOLD
2019-12-30,4782.17,752,114.28,90722.99,0.0,HOLD
2019-12-31,4782.17,752,112.84,89635.57,0.0,HOLD
2020-01-01,4782.17,752,113.71,90291.47,0.0,HOLD
2020-01-02,4782.17,752,113.98,90498.6,0.0,HOLD
2020-01-03,4782.17,752,115.27,91465.19,0.0,HOLD
2020-01-06,4782.17,752,115.75,91827.67,0.0,HOLD
2020-01-07,4782.17,752,117.15,92880.56,0.0,HOLD
2020-01-08,4782.17,752,116.97,92742.49,0.0,HOLD
2020-01-09,4782.17,752,116.44,92345.48,0.0,HOLD
2020-01-10,4782.17,752,115.57,91689.59,0.0,HOLD
2020-01-13,4782.17,752,116.97,92742.49,0.0,HOLD
2020-01-14,4782.17,752,118.07,93571.01,0.0,HOLD
2020-01-15,4782.17,752,113.96,90481.34,0.0,HOLD
2020-01-16,4782.17,752,114.97,91240.8,0.0,HOLD
2020-01-17,4782.17,752,115.27,91465.19,0.0,HOLD
2020-01-20,4782.17,752,113.85,90395.04,0.0,HOLD
2020-01-21,4782.17,752,113.43,90084.34,0.0,HOLD
2020-01-22,4782.17,752,112.86,89652.82,0.0,HOLD
2020-01-23,4782.17,752,114.17,90636.69,0.0,HOLD
2020-01-24,4782.17,752,114.12,90602.03,0.0,HOLD
2020-01-27,4782.17,752,113.09,89822.17,0.0,HOLD
2020-01-28,4782.17,752,112.49,89371.58,0.0,HOLD
2020-01-29,4782.17,752,113.73,90307.41,0.0,HOLD
2020-01-30,4782.17,752,110.94,88210.43,0.0,HOLD
2020-01-31,4782.17,752,109.14,86858.68,0.0,HOLD
2020-02-03,4782.17,752,109.42,87066.63,0.0,HOLD
2020-02-04,4782.17,752,110.73,88054.47,0.0,HOLD
2020-02-05,4782.17,752,111.66,88747.68,0.0,HOLD
2020-02-06,4782.17,752,112.3,89232.93,0.0,HOLD
2020-02-07,4782.17,752,112.44,89336.9,0.0,HOLD
2020-02-10,4782.17,752,111.03,88279.75,0.0,HOLD
2020-02-11,4782.17,752,111.2,88401.06,0.0,HOLD
2020-02-12,4782.17,752,112.67,89510.22,0.0,HOLD
2020-02-13,4782.17,752,112.35,89267.59,0.0,HOLD
2020-02-14,4782.17,752,111.96,88972.98,0.0,HOLD
2020-02-17,4782.17,752,112.37,89284.92,0.0,HOLD
2020-02-18,4782.17,752,112.49,89371.58,0.0,HOLD
2020-02-19,4782.17,752,114.12,90602.03,0.0,HOLD
2020-02-20,4782.17,752,113.25,89943.47,0.0,HOLD
2020-02-24,4782.17,752,112.56,89423.56,0.0,HOLD
2020-02-25,4782.17,752,112.51,89388.91,0.0,HOLD
2020-02-26,4782.17,752,110.57,87933.15,0.0,HOLD
2020-02-27,4782.17,752,106.75,85056.32,0.0,HOLD
2020-02-28,4782.17,752,102.07,81538.25,0.0,HOLD
2020-03-02,4782.17,752,101.77,81312.96,1.0,HOLD
2020-03-03,4782.17,752,103.11,82318.12,1.0,HOLD
2020-03-04,4782.17,752,105.48,84103.15,1.0,HOLD
2020-03-05,4782.17,752,105.87,84397.76,0.0,HOLD
2020-03-06,4782.17,752,103.04,82266.14,0.0,HOLD
2020-03-09,4782.17,752,98.82,79094.69,0.0,HOLD
2020-03-11,4782.17,752,98.22,78644.09,1.0,HOLD
2020-03-12,4782.17,752,91.77,73791.6,1.0,HOLD
2020-03-13,4782.17,752,90.98,73202.36,1.0,HOLD
2020-03-16,4782.17,752,82.85,67084.75,1.0,HOLD
2020-03-17,4782.17,752,79.78,64779.82,1.0,HOLD
2020-03-18,4782.17,752,78.33,63688.01,1.0,HOLD
2020-03-19,4782.17,752,74.83,61053.79,1.0,HOLD
2020-03-20,4782.17,752,82.6,66894.11,1.0,HOLD
2020-03-23,4782.17,752,78.42,63757.31,1.0,HOLD
2020-03-24,4782.17,752,81.28,65906.29,1.0,HOLD
2020-03-25,4782.17,752,80.5,65317.05,0.0,HOLD
2020-03-26,4782.17,752,84.16,68072.58,0.0,HOLD
2020-03-27,4782.17,752,84.58,68384.53,0.0,HOLD
2020-03-30,4782.17,752,84.88,68609.82,0.0,HOLD
2020-03-31,4782.17,752,90.66,72959.73,0.0,HOLD
2020-04-01,4782.17,752,87.34,70464.17,0.0,HOLD
2020-04-03,4782.17,752,82.96,67171.41,0.0,HOLD
2020-04-07,4782.17,752,88.45,71296.02,0.0,HOLD
2020-04-08,4782.17,752,88.91,71642.63,0.0,HOLD
2020-04-09,4782.17,752,90.66,72959.73,0.0,HOLD
2020-04-13,4782.17,752,87.2,70360.18,0.0,HOLD
2020-04-15,4782.17,752,85.98,69441.68,0.0,HOLD
2020-04-16,4782.17,752,86.58,69892.27,0.0,HOLD
2020-04-17,4782.17,752,86.19,69597.65,0.0,HOLD
2020-04-20,4782.17,752,83.47,67552.67,0.0,HOLD
2020-04-21,4782.17,752,82.07,66495.52,0.0,HOLD
2020-04-22,4782.17,752,82.3,66668.82,0.0,HOLD
2020-04-23,4782.17,752,83.38,67483.34,0.0,HOLD
2020-04-24,4782.17,752,81.93,66391.54,0.0,HOLD
2020-04-27,4782.17,752,83.91,67881.95,0.0,HOLD
2020-04-28,4782.17,752,82.83,67067.41,0.0,HOLD
2020-04-29,4782.17,752,83.26,67396.69,0.0,HOLD
2020-04-30,4782.17,752,88.01,70966.75,0.0,HOLD
2020-05-04,4782.17,752,87.6,70654.81,0.0,HOLD
2020-05-05,4782.17,752,84.9,68627.15,0.0,HOLD
2020-05-06,4782.17,752,86.21,69614.98,0.0,HOLD
2020-05-07,4782.17,752,84.85,68592.49,0.0,HOLD
2020-05-08,4782.17,752,84.81,68557.82,0.0,HOLD
2020-05-11,4782.17,752,85.13,68800.46,0.0,HOLD
2020-05-12,4782.17,752,86.21,69614.98,0.0,HOLD
2020-05-13,4782.17,752,87.44,70533.5,0.0,HOLD
2020-05-14,4782.17,752,85.73,69251.04,0.0,HOLD
2020-05-15,4782.17,752,84.72,68488.51,0.0,HOLD
2020-05-18,4782.17,752,83.98,67933.93,0.0,HOLD
2020-05-19,4782.17,752,84.99,68696.47,0.0,HOLD
2020-05-20,4782.17,752,85.25,68887.11,0.0,HOLD
2020-05-21,4782.17,752,87.16,70325.53,0.0,HOLD
2020-05-22,4782.17,752,87.11,70290.86,0.0,HOLD
2020-05-26,4782.17,752,87.02,70221.55,0.0,HOLD
2020-05-27,4782.17,752,92.76,74536.8,0.0,HOLD
2020-05-28,4782.17,752,91.88,73878.25,0.0,HOLD
2020-05-29,4782.17,752,98.08,78540.11,0.0,HOLD
2020-06-01,79208.2,0,99.12,79208.2,-1.0,SELL
2020-06-02,79208.2,0,99.49,79208.2,-1.0,HOLD
2020-06-03,79208.2,0,97.41,79208.2,-1.0,HOLD
2020-06-04,79208.2,0,99.67,79208.2,0.0,HOLD
2020-06-05,79208.2,0,100.82,79208.2,0.0,HOLD
2020-06-08,79208.2,0,104.37,79208.2,-1.0,HOLD
2020-06-09,79208.2,0,100.64,79208.2,-1.0,HOLD
2020-06-10,79208.2,0,100.02,79208.2,0.0,HOLD
2020-06-11,79208.2,0,98.13,79208.2,0.0,HOLD
2020-06-12,79208.2,0,95.82,79208.2,0.0,HOLD
2020-06-15,79208.2,0,98.54,79208.2,0.0,HOLD
2020-06-16,79208.2,0,97.9,79208.2,0.0,HOLD
2020-06-17,79208.2,0,100.39,79208.2,0.0,HOLD
2020-06-18,79208.2,0,100.55,79208.2,0.0,HOLD
2020-06-19,79208.2,0,102.35,79208.2,0.0,HOLD
2020-06-22,79208.2,0,100.5,79208.2,0.0,HOLD
2020-06-23,79208.2,0,101.68,79208.2,0.0,HOLD
2020-06-24,79208.2,0,100.57,79208.2,0.0,HOLD
2020-06-25,79208.2,0,100.57,79208.2,0.0,HOLD
2020-06-26,79208.2,0,103.91,79208.2,0.0,HOLD
2020-06-29,79208.2,0,101.26,79208.2,0.0,HOLD
2020-06-30,79208.2,0,101.24,79208.2,0.0,HOLD
2020-07-01,79208.2,0,100.96,79208.2,0.0,HOLD
2020-07-02,79208.2,0,103.34,79208.2,0.0,HOLD
2020-07-03,79208.2,0,103.61,79208.2,0.0,HOLD
2020-07-06,79208.2,0,102.62,79208.2,0.0,HOLD
2020-07-07,79208.2,0,103.66,79208.2,0.0,HOLD
2020-07-08,79208.2,0,102.83,79208.2,0.0,HOLD
2020-07-09,79208.2,0,102.14,79208.2,0.0,HOLD
2020-07-10,79208.2,0,102.37,79208.2,0.0,HOLD
2020-07-13,79208.2,0,104.9,79208.2,0.0,HOLD
2020-07-14,79208.2,0,103.71,79208.2,0.0,HOLD
2020-07-15,79208.2,0,121.1,79208.2,0.0,HOLD
2020-07-16,79208.2,0,120.71,79208.2,-1.0,HOLD
2020-07-17,79208.2,0,120.46,79208.2,-1.0,HOLD
2020-07-20,79208.2,0,124.82,79208.2,-1.0,HOLD
2020-07-21,79208.2,0,125.07,79208.2,-1.0,HOLD
2020-07-22,79208.2,0,122.6,79208.2,-1.0,HOLD
2020-07-23,79208.2,0,122.88,79208.2,-1.0,HOLD
2020-07-24,79208.2,0,124.7,79208.2,-1.0,HOLD
2020-07-27,79208.2,0,123.92,79208.2,-1.0,HOLD
2020-07-28,79208.2,0,126.96,79208.2,-1.0,HOLD
2020-07-29,79208.2,0,127.67,79208.2,-1.0,HOLD
2020-07-30,79208.2,0,130.95,79208.2,-1.0,HOLD
2020-07-31,79208.2,0,129.49,79208.2,-1.0,HOLD
2020-08-03,79208.2,0,129.77,79208.2,-1.0,HOLD
2020-08-04,79208.2,0,129.54,79208.2,-1.0,HOLD
2020-08-05,79208.2,0,128.23,79208.2,-1.0,HOLD
2020-08-06,79208.2,0,128.89,79208.2,-1.0,HOLD
2020-08-07,79208.2,0,127.86,79208.2,-1.0,HOLD
2020-08-10,79208.2,0,127.86,79208.2,0.0,HOLD
2020-08-11,79208.2,0,128.89,79208.2,0.0,HOLD
2020-08-12,79208.2,0,127.3,79208.2,-1.0,HOLD
2020-08-13,79208.2,0,127.67,79208.2,0.0,HOLD
2020-08-14,79208.2,0,127.44,79208.2,0.0,HOLD
2020-08-17,79208.2,0,129.95,79208.2,0.0,HOLD
2020-08-18,79208.2,0,130.3,79208.2,0.0,HOLD
2020-08-19,79208.2,0,128.94,79208.2,0.0,HOLD
2020-08-20,79208.2,0,126.38,79208.2,0.0,HOLD
2020-08-21,79208.2,0,125.99,79208.2,0.0,HOLD
2020-08-24,79208.2,0,125.69,79208.2,0.0,HOLD
2020-08-25,79208.2,0,124.42,79208.2,0.0,HOLD
2020-08-26,79208.2,0,125.39,79208.2,0.0,HOLD
2020-08-27,79208.2,0,125.53,79208.2,0.0,HOLD
2020-08-28,79208.2,0,125.39,79208.2,0.0,HOLD
2020-08-31,79208.2,0,125.05,79208.2,0.0,HOLD
2020-09-01,79208.2,0,125.18,79208.2,0.0,HOLD
2020-09-02,79208.2,0,126.15,79208.2,0.0,HOLD
2020-09-03,79208.2,0,130.37,79208.2,0.0,HOLD
2020-09-04,79208.2,0,127.21,79208.2,0.0,HOLD
2020-09-07,79208.2,0,128.48,79208.2,0.0,HOLD
2020-09-08,79208.2,0,130.23,79208.2,0.0,HOLD
2020-09-09,79208.2,0,130.37,79208.2,0.0,HOLD
2020-09-10,79208.2,0,131.15,79208.2,0.0,HOLD
2020-09-11,79208.2,0,135.19,79208.2,0.0,HOLD
2020-09-14,79208.2,0,141.59,79208.2,-1.0,HOLD
2020-09-15,79208.2,0,141.66,79208.2,-1.0,HOLD
2020-09-16,79208.2,0,143.87,79208.2,-1.0,HOLD
2020-09-17,79208.2,0,143.67,79208.2,-1.0,HOLD
2020-09-18,79208.2,0,145.88,79208.2,-1.0,HOLD
2020-09-21,79208.2,0,143.76,79208.2,-1.0,HOLD
2020-09-22,79208.2,0,143.92,79208.2,-1.0,HOLD
2020-09-23,79208.2,0,145.12,79208.2,-1.0,HOLD
2020-09-24,79208.2,0,140.44,79208.2,-1.0,HOLD
2020-09-25,79208.2,0,144.68,79208.2,0.0,HOLD
2020-09-28,79208.2,0,143.6,79208.2,0.0,HOLD
2020-09-29,79208.2,0,143.57,79208.2,0.0,HOLD
2020-09-30,79208.2,0,144.52,79208.2,0.0,HOLD
2020-10-01,79208.2,0,144.29,79208.2,0.0,HOLD
2020-10-05,79208.2,0,153.92,79208.2,0.0,HOLD
2020-10-06,79208.2,0,152.12,79208.2,-1.0,HOLD
2020-10-07,79208.2,0,154.54,79208.2,-1.0,HOLD
2020-10-08,79208.2,0,165.68,79208.2,-1.0,HOLD
2020-10-09,79208.2,0,172.38,79208.2,-1.0,HOLD
2020-10-12,79208.2,0,173.99,79208.2,-1.0,HOLD
2020-10-13,79208.2,0,173.28,79208.2,-1.0,HOLD
2020-10-14,79208.2,0,161.53,79208.2,-1.0,HOLD
2020-10-15,79208.2,0,157.45,79208.2,0.0,HOLD
2020-10-16,79208.2,0,156.55,79208.2,0.0,HOLD
2020-10-19,79208.2,0,158.19,79208.2,0.0,HOLD
2020-10-20,79208.2,0,159.82,79208.2,0.0,HOLD
2020-10-21,79208.2,0,158.3,79208.2,0.0,HOLD
2020-10-22,79208.2,0,158.76,79208.2,0.0,HOLD
2020-10-23,79208.2,0,157.82,79208.2,0.0,HOLD
2020-10-26,79208.2,0,156.62,79208.2,0.0,HOLD
2020-10-27,79208.2,0,153.97,79208.2,0.0,HOLD
2020-10-28,79208.2,0,154.71,79208.2,0.0,HOLD
2020-10-29,79208.2,0,155.54,79208.2,0.0,HOLD
2020-10-30,79208.2,0,157.03,79208.2,0.0,HOLD
2020-11-02,79208.2,0,154.31,79208.2,0.0,HOLD
2020-11-03,79208.2,0,154.71,79208.2,0.0,HOLD
2020-11-04,79208.2,0,158.07,79208.2,0.0,HOLD
2020-11-05,79208.2,0,159.2,79208.2,0.0,HOLD
2020-11-06,79208.2,0,159.36,79208.2,0.0,HOLD
2020-11-09,79208.2,0,162.22,79208.2,0.0,HOLD
2020-11-10,79208.2,0,157.77,79208.2,0.0,HOLD
2020-11-11,79208.2,0,159.82,79208.2,0.0,HOLD
2020-11-12,79208.2,0,159.27,79208.2,0.0,HOLD
2020-11-13,79208.2,0,158.62,79208.2,0.0,HOLD
2020-11-14,79208.2,0,159.22,79208.2,0.0,HOLD
2020-11-17,79208.2,0,160.72,79208.2,0.0,HOLD
2020-11-18,79208.2,0,159.15,79208.2,0.0,HOLD
2020-11-19,79208.2,0,157.91,79208.2,0.0,HOLD
2020-11-20,79208.2,0,159.61,79208.2,0.0,HOLD
2020-11-23,79208.2,0,164.02,79208.2,0.0,HOLD
2020-11-24,79208.2,0,163.85,79208.2,0.0,HOLD
2020-11-25,79208.2,0,161.32,79208.2,0.0,HOLD
2020-11-26,79208.2,0,163.56,79208.2,0.0,HOLD
2020-11-27,79208.2,0,161.55,79208.2,0.0,HOLD
2020-12-01,79208.2,0,162.63,79208.2,0.0,HOLD
2020-12-02,79208.2,0,165.42,79208.2,0.0,HOLD
2020-12-03,79208.2,0,166.07,79208.2,0.0,HOLD
2020-12-04,79208.2,0,166.3,79208.2,0.0,HOLD
2020-12-07,79208.2,0,165.21,79208.2,0.0,HOLD
2020-12-08,79208.2,0,167.63,79208.2,0.0,HOLD
2020-12-09,79208.2,0,165.7,79208.2,0.0,HOLD
2020-12-10,79208.2,0,164.04,79208.2,0.0,HOLD
2020-12-11,79208.2,0,162.93,79208.2,0.0,HOLD
2020-12-14,79208.2,0,161.02,79208.2,0.0,HOLD
2020-12-15,79208.2,0,162.56,79208.2,0.0,HOLD
2020-12-16,79208.2,0,165.19,79208.2,0.0,HOLD
2020-12-17,79208.2,0,164.5,79208.2,0.0,HOLD
2020-12-18,79208.2,0,167.57,79208.2,0.0,HOLD
2020-12-21,79208.2,0,163.14,79208.2,0.0,HOLD
2020-12-22,79208.2,0,167.86,79208.2,0.0,HOLD
2020-12-23,79208.2,0,177.71,79208.2,0.0,HOLD
2020-12-24,79208.2,0,176.16,79208.2,0.0,HOLD
2020-12-28,79208.2,0,176.48,79208.2,0.0,HOLD
2020-12-29,79208.2,0,177.45,79208.2,0.0,HOLD
2020-12-30,79208.2,0,177.18,79208.2,0.0,HOLD
2020-12-31,79208.2,0,178.03,79208.2,0.0,HOLD
2021-01-01,79208.2,0,178.88,79208.2,0.0,HOLD
2021-01-04,79208.2,0,182.71,79208.2,0.0,HOLD
2021-01-05,79208.2,0,187.27,79208.2,-1.0,HOLD
2021-01-06,79208.2,0,187.32,79208.2,-1.0,HOLD
2021-01-07,79208.2,0,187.48,79208.2,-1.0,HOLD
2021-01-08,79208.2,0,198.28,79208.2,-1.0,HOLD
2021-01-11,79208.2,0,205.94,79208.2,-1.0,HOLD
2021-01-12,79208.2,0,210.96,79208.2,-1.0,HOLD
2021-01-13,79208.2,0,211.56,79208.2,-1.0,HOLD
2021-01-14,79208.2,0,209.42,79208.2,-1.0,HOLD
2021-01-15,79208.2,0,202.13,79208.2,-1.0,HOLD
2021-01-18,79208.2,0,198.91,79208.2,-1.0,HOLD
2021-01-19,79208.2,0,198.31,79208.2,0.0,HOLD
2021-01-20,79208.2,0,205.08,79208.2,0.0,HOLD
2021-01-21,79208.2,0,205.48,79208.2,0.0,HOLD
2021-01-22,79208.2,0,205.45,79208.2,0.0,HOLD
2021-01-25,79208.2,0,201.99,79208.2,0.0,HOLD
2021-01-27,79208.2,0,206.24,79208.2,0.0,HOLD
2021-01-28,79208.2,0,199.52,79208.2,0.0,HOLD
2021-01-29,79208.2,0,193.05,79208.2,0.0,HOLD
2021-02-01,79208.2,0,194.71,79208.2,0.0,HOLD
2021-02-02,79208.2,0,197.88,79208.2,0.0,HOLD
2021-02-03,79208.2,0,200.26,79208.2,0.0,HOLD
2021-02-04,79208.2,0,198.59,79208.2,0.0,HOLD
2021-02-05,79208.2,0,196.58,79208.2,0.0,HOLD
2021-02-08,79208.2,0,201.09,79208.2,0.0,HOLD
2021-02-09,79208.2,0,202.96,79208.2,0.0,HOLD
2021-02-10,79208.2,0,202.8,79208.2,0.0,HOLD
2021-02-11,79208.2,0,201.87,79208.2,0.0,HOLD
2021-02-12,79208.2,0,204.18,79208.2,0.0,HOLD
2021-02-15,79208.2,0,203.12,79208.2,0.0,HOLD
2021-02-16,79208.2,0,202.13,79208.2,0.0,HOLD
2021-02-17,79208.2,0,198.73,79208.2,0.0,HOLD
2021-02-18,79208.2,0,200.0,79208.2,0.0,HOLD
2021-02-19,79208.2,0,198.62,79208.2,0.0,HOLD
2021-02-22,79208.2,0,193.42,79208.2,0.0,HOLD
2021-02-23,79208.2,0,191.94,79208.2,0.0,HOLD
2021-02-24,79208.2,0,195.45,79208.2,0.0,HOLD
2021-02-25,79208.2,0,194.62,79208.2,0.0,HOLD
2021-02-26,79208.2,0,189.54,79208.2,0.0,HOLD
2021-03-01,79208.2,0,191.43,79208.2,0.0,HOLD
2021-03-02,79208.2,0,198.82,79208.2,0.0,HOLD
2021-03-03,79208.2,0,201.18,79208.2,0.0,HOLD
2021-03-04,79208.2,0,202.7,79208.2,0.0,HOLD
2021-03-05,79208.2,0,194.41,79208.2,0.0,HOLD
2021-03-08,79208.2,0,192.59,79208.2,0.0,HOLD
2021-03-09,79208.2,0,193.65,79208.2,0.0,HOLD
2021-03-10,79208.2,0,197.11,79208.2,0.0,HOLD
2021-03-12,79208.2,0,196.42,79208.2,0.0,HOLD
2021-03-15,79208.2,0,196.95,79208.2,0.0,HOLD
2021-03-16,79208.2,0,198.31,79208.2,0.0,HOLD
2021-03-17,79208.2,0,193.86,79208.2,0.0,HOLD
2021-03-18,79208.2,0,189.47,79208.2,0.0,HOLD
2021-03-19,79208.2,0,189.63,79208.2,0.0,HOLD
2021-03-22,79208.2,0,191.46,79208.2,0.0,HOLD
2021-03-23,79208.2,0,191.94,79208.2,0.0,HOLD
2021-03-24,79208.2,0,189.86,79208.2,0.0,HOLD
2021-03-25,79208.2,0,184.62,79208.2,0.0,HOLD
2021-03-26,79208.2,0,186.58,79208.2,0.0,HOLD
2021-03-30,79208.2,0,193.14,79208.2,0.0,HOLD
2021-03-31,79208.2,0,191.32,79208.2,0.0,HOLD
2021-04-01,79208.2,0,192.36,79208.2,0.0,HOLD
2021-04-05,79208.2,0,196.54,79208.2,0.0,HOLD
2021-04-06,79208.2,0,197.32,79208.2,0.0,HOLD
2021-04-07,79208.2,0,202.33,79208.2,0.0,HOLD
2021-04-08,79208.2,0,204.23,79208.2,0.0,HOLD
2021-04-09,79208.2,0,207.92,79208.2,0.0,HOLD
2021-04-12,79208.2,0,199.84,79208.2,0.0,HOLD
2021-04-13,79208.2,0,193.53,79208.2,0.0,HOLD
2021-04-15,79208.2,0,198.96,79208.2,0.0,HOLD
2021-04-16,79208.2,0,216.75,79208.2,0.0,HOLD
2021-04-19,79208.2,0,218.39,79208.2,0.0,HOLD
2021-04-20,79208.2,0,217.16,79208.2,0.0,HOLD
2021-04-22,79208.2,0,224.81,79208.2,0.0,HOLD
2021-04-23,79208.2,0,219.75,79208.2,0.0,HOLD
2021-04-26,79208.2,0,221.87,79208.2,0.0,HOLD
2021-04-27,79208.2,0,224.07,79208.2,0.0,HOLD
2021-04-28,79208.2,0,226.03,79208.2,0.0,HOLD
2021-04-29,79208.2,0,226.29,79208.2,0.0,HOLD
2021-04-30,79208.2,0,227.63,79208.2,0.0,HOLD
2021-05-03,79208.2,0,225.13,79208.2,0.0,HOLD
2021-05-04,79208.2,0,222.64,79208.2,0.0,HOLD
2021-05-05,79208.2,0,226.63,79208.2,0.0,HOLD
2021-05-06,79208.2,0,236.66,79208.2,0.0,HOLD
2021-05-07,79208.2,0,238.02,79208.2,-1.0,HOLD
2021-05-10,79208.2,0,242.96,79208.2,-1.0,HOLD
2021-05-11,79208.2,0,239.47,79208.2,-1.0,HOLD
2021-05-12,79208.2,0,234.49,79208.2,0.0,HOLD
2021-05-14,79208.2,0,230.26,79208.2,0.0,HOLD
2021-05-17,79208.2,0,230.88,79208.2,0.0,HOLD
2021-05-18,79208.2,0,234.69,79208.2,0.0,HOLD
2021-05-19,79208.2,0,236.36,79208.2,0.0,HOLD
2021-05-20,79208.2,0,234.79,79208.2,0.0,HOLD
2021-05-21,79208.2,0,236.84,79208.2,0.0,HOLD
2021-05-24,79208.2,0,237.86,79208.2,0.0,HOLD
2021-05-25,79208.2,0,239.08,79208.2,0.0,HOLD
2021-05-26,79208.2,0,243.56,79208.2,0.0,HOLD
2021-05-27,79208.2,0,249.87,79208.2,0.0,HOLD
2021-05-28,79208.2,0,248.85,79208.2,-1.0,HOLD
2021-05-31,79208.2,0,249.01,79208.2,-1.0,HOLD
2021-06-01,79208.2,0,250.75,79208.2,-1.0,HOLD
2021-06-02,79208.2,0,250.84,79208.2,-1.0,HOLD
2021-06-03,79208.2,0,249.01,79208.2,-1.0,HOLD
2021-06-04,79208.2,0,250.01,79208.2,0.0,HOLD
2021-06-07,79208.2,0,253.26,79208.2,0.0,HOLD
2021-06-08,79208.2,0,254.35,79208.2,-1.0,HOLD
2021-06-09,79208.2,0,251.39,79208.2,-1.0,HOLD
2021-06-10,79208.2,0,256.04,79208.2,0.0,HOLD
2021-06-11,79208.2,0,256.06,79208.2,-1.0,HOLD
2021-06-14,79208.2,0,259.43,79208.2,-1.0,HOLD
2021-06-15,79208.2,0,257.72,79208.2,-1.0,HOLD
2021-06-16,79208.2,0,256.5,79208.2,-1.0,HOLD
2021-06-17,79208.2,0,258.09,79208.2,0.0,HOLD
2021-06-18,79208.2,0,253.98,79208.2,0.0,HOLD
2021-06-21,79208.2,0,250.45,79208.2,0.0,HOLD
2021-06-22,79208.2,0,257.1,79208.2,0.0,HOLD
2021-06-23,79208.2,0,249.52,79208.2,0.0,HOLD
2021-06-24,79208.2,0,253.63,79208.2,0.0,HOLD
2021-06-25,79208.2,0,252.92,79208.2,0.0,HOLD
2021-06-28,79208.2,0,252.87,79208.2,0.0,HOLD
2021-06-29,79208.2,0,250.65,79208.2,0.0,HOLD
2021-06-30,79208.2,0,252.06,79208.2,0.0,HOLD
2021-07-01,79208.2,0,249.15,79208.2,0.0,HOLD
2021-07-02,79208.2,0,248.81,79208.2,0.0,HOLD
2021-07-05,79208.2,0,247.77,79208.2,0.0,HOLD
2021-07-06,79208.2,0,246.03,79208.2,0.0,HOLD
2021-07-07,79208.2,0,245.83,79208.2,0.0,HOLD
2021-07-08,79208.2,0,245.3,79208.2,0.0,HOLD
2021-07-09,79208.2,0,242.89,79208.2,0.0,HOLD
2021-07-12,79208.2,0,242.92,79208.2,0.0,HOLD
2021-07-13,79208.2,0,242.45,79208.2,0.0,HOLD
2021-07-14,79208.2,0,259.48,79208.2,0.0,HOLD
2021-07-15,79208.2,0,266.04,79208.2,0.0,HOLD
2021-07-16,79208.2,0,266.89,79208.2,0.0,HOLD
2021-07-19,79208.2,0,265.07,79208.2,-1.0,HOLD
2021-07-20,79208.2,0,262.43,79208.2,0.0,HOLD
2021-07-22,79208.2,0,269.87,79208.2,0.0,HOLD
2021-07-23,79208.2,0,276.78,79208.2,0.0,HOLD
2021-07-26,79208.2,0,272.76,79208.2,-1.0,HOLD
2021-07-27,79208.2,0,273.22,79208.2,0.0,HOLD
2021-07-28,79208.2,0,273.45,79208.2,0.0,HOLD
2021-07-29,79208.2,0,272.76,79208.2,0.0,HOLD
2021-07-30,79208.2,0,271.23,79208.2,0.0,HOLD
2021-08-02,79208.2,0,273.59,79208.2,0.0,HOLD
2021-08-03,79208.2,0,276.89,79208.2,0.0,HOLD
2021-08-04,79208.2,0,275.69,79208.2,0.0,HOLD
2021-08-05,79208.2,0,277.59,79208.2,0.0,HOLD
2021-08-06,79208.2,0,276.25,79208.2,0.0,HOLD
2021-08-09,79208.2,0,275.69,79208.2,0.0,HOLD
2021-08-10,79208.2,0,278.95,79208.2,0.0,HOLD
2021-08-11,79208.2,0,277.75,79208.2,0.0,HOLD
2021-08-12,79208.2,0,279.87,79208.2,0.0,HOLD
2021-08-13,79208.2,0,284.33,79208.2,0.0,HOLD
2021-08-16,79208.2,0,283.66,79208.2,-1.0,HOLD
2021-08-17,79208.2,0,293.29,79208.2,-1.0,HOLD
2021-08-18,79208.2,0,290.75,79208.2,-1.0,HOLD
2021-08-20,79208.2,0,286.43,79208.2,-1.0,HOLD
2021-08-23,79208.2,0,290.5,79208.2,0.0,HOLD
2021-08-24,79208.2,0,292.67,79208.2,0.0,HOLD
2021-08-25,79208.2,0,291.79,79208.2,-1.0,HOLD
2021-08-26,79208.2,0,290.54,79208.2,0.0,HOLD
2021-08-27,79208.2,0,293.31,79208.2,0.0,HOLD
2021-08-30,79208.2,0,292.16,79208.2,0.0,HOLD
2021-08-31,79208.2,0,296.09,79208.2,0.0,HOLD
2021-09-01,79208.2,0,296.59,79208.2,-1.0,HOLD
2021-09-02,79208.2,0,300.94,79208.2,-1.0,HOLD
2021-09-03,79208.2,0,302.62,79208.2,-1.0,HOLD
2021-09-06,79208.2,0,317.11,79208.2,-1.0,HOLD
2021-09-07,79208.2,0,311.47,79208.2,-1.0,HOLD
2021-09-08,79208.2,0,305.9,79208.2,-1.0,HOLD
2021-09-09,79208.2,0,305.97,79208.2,0.0,HOLD
2021-09-13,79208.2,0,309.85,79208.2,0.0,HOLD
2021-09-14,79208.2,0,311.1,79208.2,0.0,HOLD
2021-09-15,79208.2,0,311.38,79208.2,0.0,HOLD
2021-09-16,79208.2,0,308.51,79208.2,0.0,HOLD
2021-09-17,79208.2,0,307.31,79208.2,0.0,HOLD
2021-09-20,79208.2,0,306.04,79208.2,0.0,HOLD
2021-09-21,79208.2,0,308.4,79208.2,0.0,HOLD
2021-09-22,79208.2,0,308.65,79208.2,0.0,HOLD
2021-09-23,79208.2,0,311.49,79208.2,0.0,HOLD
2021-09-24,79208.2,0,312.51,79208.2,0.0,HOLD
2021-09-27,79208.2,0,302.07,79208.2,0.0,HOLD
2021-09-28,79208.2,0,295.46,79208.2,0.0,HOLD
2021-09-29,79208.2,0,295.99,79208.2,0.0,HOLD
2021-09-30,79208.2,0,292.92,79208.2,0.0,HOLD
2021-10-01,79208.2,0,293.92,79208.2,0.0,HOLD
2021-10-04,79208.2,0,296.13,79208.2,0.0,HOLD
2021-10-05,79208.2,0,298.81,79208.2,0.0,HOLD
2021-10-06,79208.2,0,293.68,79208.2,0.0,HOLD
2021-10-07,79208.2,0,297.01,79208.2,0.0,HOLD
2021-10-08,79208.2,0,305.42,79208.2,0.0,HOLD
2021-10-11,79208.2,0,301.56,79208.2,0.0,HOLD
2021-10-12,79208.2,0,304.47,79208.2,0.0,HOLD
2021-10-13,79208.2,0,310.71,79208.2,0.0,HOLD
2021-10-14,79208.2,0,327.18,79208.2,0.0,HOLD
2021-10-18,79208.2,0,327.87,79208.2,-1.0,HOLD
2021-10-19,79208.2,0,328.7,79208.2,-1.0,HOLD
2021-10-20,79208.2,0,324.27,79208.2,-1.0,HOLD
2021-10-21,79208.2,0,321.66,79208.2,0.0,HOLD
2021-10-22,79208.2,0,315.23,79208.2,0.0,HOLD
2021-10-25,79208.2,0,308.44,79208.2,0.0,HOLD
2021-10-26,79208.2,0,308.65,79208.2,0.0,HOLD
2021-10-27,79208.2,0,310.01,79208.2,0.0,HOLD
2021-10-28,79208.2,0,303.45,79208.2,0.0,HOLD
2021-10-29,79208.2,0,298.77,79208.2,0.0,HOLD
2021-11-01,79208.2,0,302.78,79208.2,0.0,HOLD
2021-11-02,79208.2,0,302.02,79208.2,0.0,HOLD
2021-11-03,79208.2,0,301.42,79208.2,0.0,HOLD
2021-11-04,79208.2,0,301.98,79208.2,0.0,HOLD
2021-11-08,79208.2,0,304.12,79208.2,0.0,HOLD
2021-11-09,79208.2,0,304.17,79208.2,0.0,HOLD
2021-11-10,79208.2,0,301.47,79208.2,0.0,HOLD
2021-11-11,79208.2,0,296.48,79208.2,0.0,HOLD
2021-11-12,79208.2,0,304.91,79208.2,0.0,HOLD
2021-11-15,79208.2,0,304.38,79208.2,0.0,HOLD
2021-11-16,79208.2,0,305.56,79208.2,0.0,HOLD
2021-11-17,79208.2,0,305.72,79208.2,0.0,HOLD
2021-11-18,79208.2,0,300.94,79208.2,0.0,HOLD
2021-11-22,79208.2,0,297.52,79208.2,0.0,HOLD
2021-11-23,79208.2,0,296.94,79208.2,0.0,HOLD
2021-11-24,79208.2,0,294.03,79208.2,0.0,HOLD
2021-11-25,79208.2,0,294.12,79208.2,0.0,HOLD
2021-11-26,79208.2,0,287.08,79208.2,0.0,HOLD
2021-11-29,79208.2,0,291.31,79208.2,0.0,HOLD
2021-11-30,79208.2,0,294.38,79208.2,0.0,HOLD
2021-12-01,79208.2,0,293.25,79208.2,0.0,HOLD
2021-12-02,79208.2,0,298.79,79208.2,0.0,HOLD
2021-12-03,79208.2,0,295.99,79208.2,0.0,HOLD
2021-12-06,79208.2,0,288.49,79208.2,0.0,HOLD
2021-12-07,79208.2,0,292.14,79208.2,0.0,HOLD
2021-12-08,79208.2,0,296.43,79208.2,0.0,HOLD
2021-12-09,79208.2,0,297.13,79208.2,0.0,HOLD
2021-12-10,79208.2,0,294.84,79208.2,0.0,HOLD
2021-12-13,79208.2,0,298.14,79208.2,0.0,HOLD
2021-12-14,79208.2,0,298.84,79208.2,0.0,HOLD
2021-12-15,79208.2,0,293.98,79208.2,0.0,HOLD
2021-12-16,79208.2,0,297.63,79208.2,0.0,HOLD
2021-12-17,79208.2,0,309.88,79208.2,0.0,HOLD
2021-12-20,79208.2,0,307.64,79208.2,0.0,HOLD
2021-12-21,79208.2,0,319.11,79208.2,0.0,HOLD
2021-12-22,79208.2,0,316.74,79208.2,0.0,HOLD
2021-12-23,79208.2,0,320.85,79208.2,0.0,HOLD
2021-12-24,79208.2,0,322.65,79208.2,0.0,HOLD
2021-12-27,79208.2,0,323.18,79208.2,0.0,HOLD
2021-12-28,79208.2,0,325.88,79208.2,0.0,HOLD
2021-12-29,79208.2,0,325.07,79208.2,0.0,HOLD
2021-12-30,79208.2,0,329.88,79208.2,0.0,HOLD
2021-12-31,79208.2,0,330.46,79208.2,-1.0,HOLD
2022-01-03,79208.2,0,332.0,79208.2,-1.0,HOLD
2022-01-04,79208.2,0,333.3,79208.2,-1.0,HOLD
2022-01-05,79208.2,0,329.6,79208.2,-1.0,HOLD
2022-01-06,79208.2,0,326.02,79208.2,0.0,HOLD
2022-01-07,79208.2,0,328.68,79208.2,0.0,HOLD
2022-01-10,79208.2,0,320.36,79208.2,0.0,HOLD
2022-01-11,79208.2,0,320.66,79208.2,0.0,HOLD
2022-01-12,79208.2,0,319.37,79208.2,0.0,HOLD
2022-01-13,79208.2,0,300.15,79208.2,0.0,HOLD
2022-01-14,79208.2,0,295.56,79208.2,0.0,HOLD
2022-01-17,79208.2,0,298.72,79208.2,0.0,HOLD
2022-01-18,79208.2,0,292.55,79208.2,0.0,HOLD
2022-01-19,79208.2,0,286.94,79208.2,0.0,HOLD
2022-01-20,4069.09,264,284.19,79095.62,1.0,BUY
2022-01-21,4069.09,264,279.96,77977.91,1.0,HOLD
2022-01-24,4069.09,264,265.01,74032.38,1.0,HOLD
2022-01-25,4069.09,264,260.36,72804.73,1.0,HOLD
2022-01-27,4069.09,264,252.06,70612.07,1.0,HOLD
2022-01-28,4069.09,264,255.48,71516.01,1.0,HOLD
2022-01-31,4069.09,264,264.94,74014.03,1.0,HOLD
2022-02-01,4069.09,264,266.82,74508.76,0.0,HOLD
2022-02-02,4069.09,264,272.07,75895.21,0.0,HOLD
2022-02-03,4069.09,264,267.56,74704.21,0.0,HOLD
2022-02-04,4069.09,264,264.55,73910.2,0.0,HOLD
2022-02-07,4069.09,264,257.72,72108.45,0.0,HOLD
2022-02-08,4069.09,264,259.23,72505.45,0.0,HOLD
2022-02-09,4069.09,264,263.25,73568.18,0.0,HOLD
2022-02-10,4069.09,264,265.43,74142.31,0.0,HOLD
2022-02-11,4069.09,264,259.78,72652.03,0.0,HOLD
2022-02-14,4069.09,264,250.65,70239.5,0.0,HOLD
2022-02-15,4069.09,264,260.66,72884.12,0.0,HOLD
2022-02-16,4069.09,264,260.92,72951.3,0.0,HOLD
2022-02-17,4069.09,264,261.38,73073.47,0.0,HOLD
2022-02-18,4069.09,264,260.25,72774.19,0.0,HOLD
2022-02-21,4069.09,264,264.11,73794.16,0.0,HOLD
2022-02-22,4069.09,264,261.03,72981.85,0.0,HOLD
2022-02-23,4069.09,264,262.4,73342.2,0.0,HOLD
2022-02-24,4069.09,264,248.54,69683.7,0.0,HOLD
2022-02-25,4069.09,264,256.92,71894.68,0.0,HOLD
2022-02-28,4069.09,264,257.17,71961.86,0.0,HOLD
2022-03-02,4069.09,264,256.89,71888.58,0.0,HOLD
2022-03-03,4069.09,264,263.53,73641.48,0.0,HOLD
2022-03-04,4069.09,264,266.19,74343.85,0.0,HOLD
2022-03-07,4069.09,264,264.6,73922.43,0.0,HOLD
2022-03-08,4069.09,264,271.81,75828.02,0.0,HOLD
2022-03-09,4069.09,264,270.91,75589.81,0.0,HOLD
2022-03-10,4069.09,264,272.18,75925.74,0.0,HOLD
2022-03-11,4069.09,264,271.24,75675.33,0.0,HOLD
2022-03-14,4069.09,264,276.77,77135.06,0.0,HOLD
2022-03-15,4069.09,264,271.93,75858.57,0.0,HOLD
2022-03-16,4069.09,264,276.81,77147.28,0.0,HOLD
2022-03-17,4069.09,264,278.18,77507.62,0.0,HOLD
2022-03-21,4069.09,264,277.62,77361.05,0.0,HOLD
2022-03-22,4069.09,264,282.27,78588.67,0.0,HOLD
2022-03-23,4069.09,264,282.8,78729.16,0.0,HOLD
2022-03-24,4069.09,264,282.5,78649.76,0.0,HOLD
2022-03-25,4069.09,264,279.17,77770.25,0.0,HOLD
2022-03-28,4069.09,264,277.71,77385.48,0.0,HOLD
2022-03-29,4069.09,264,278.78,77666.42,0.0,HOLD
2022-03-30,4069.09,264,277.99,77458.75,0.0,HOLD
2022-03-31,4069.09,264,273.87,76371.6,0.0,HOLD
2022-04-01,4069.09,264,278.45,77580.91,0.0,HOLD
2022-04-04,4069.09,264,280.21,78045.1,0.0,HOLD
2022-04-05,4069.09,264,279.54,77866.51,0.0,HOLD
2022-04-06,4069.09,264,276.92,77176.75,0.0,HOLD
2022-04-07,4069.09,264,271.0,75612.49,0.0,HOLD
2022-04-08,4069.09,264,272.3,75957.37,0.0,HOLD
2022-04-11,4069.09,264,266.45,74411.58,0.0,HOLD
2022-04-12,4069.09,264,260.66,72884.26,0.0,HOLD
2022-04-13,4069.09,264,260.9,72945.86,0.0,HOLD
2022-04-18,4069.09,264,251.29,70408.55,0.0,HOLD
2022-04-19,4069.09,264,247.48,69404.71,1.0,HOLD
2022-04-20,4069.09,264,250.31,70149.89,1.0,HOLD
2022-04-21,4069.09,264,251.57,70482.46,0.0,HOLD
2022-04-22,4069.09,264,250.87,70297.69,0.0,HOLD
2022-04-25,4069.09,264,246.97,69269.22,0.0,HOLD
2022-04-26,4069.09,264,246.92,69256.9,1.0,HOLD
2022-04-27,4069.09,264,242.12,67988.26,1.0,HOLD
2022-04-28,4069.09,264,243.8,68431.66,1.0,HOLD
2022-04-29,4069.09,264,237.38,66738.08,1.0,HOLD
2022-05-02,4069.09,264,230.94,65038.33,1.0,HOLD
2022-05-04,4069.09,264,229.43,64638.03,1.0,HOLD
2022-05-05,4069.09,264,233.81,65795.82,1.0,HOLD
2022-05-06,4069.09,264,226.33,63818.94,1.0,HOLD
2022-05-09,4069.09,264,225.42,63578.76,1.0,HOLD
2022-05-10,4069.09,264,222.85,62901.32,1.0,HOLD
2022-05-11,4069.09,264,220.17,62193.09,1.0,HOLD
2022-05-12,4069.09,264,221.05,62427.11,1.0,HOLD
2022-05-13,4069.09,264,218.65,61792.79,1.0,HOLD
2022-05-16,4069.09,264,218.35,61712.73,1.0,HOLD
2022-05-17,4069.09,264,227.05,64009.85,1.0,HOLD
2022-05-18,4069.09,264,224.53,63344.73,0.0,HOLD
2022-05-19,4069.09,264,210.49,59637.31,0.0,HOLD
2022-05-20,4069.09,264,214.43,60678.1,1.0,HOLD
2022-05-23,4069.09,264,217.41,61466.39,0.0,HOLD
2022-05-24,4069.09,264,214.59,60721.21,0.0,HOLD
2022-05-25,4069.09,264,207.55,58861.34,0.0,HOLD
2022-05-26,4069.09,264,211.51,59908.29,1.0,HOLD
2022-05-27,4069.09,264,217.86,61583.41,0.0,HOLD
2022-05-30,4069.09,264,222.2,62728.88,0.0,HOLD
2022-05-31,4069.09,264,223.04,62950.59,0.0,HOLD
2022-06-01,4069.09,264,219.63,62051.45,0.0,HOLD
2022-06-02,4069.09,264,221.22,62470.23,0.0,HOLD
2022-06-03,4069.09,264,221.85,62636.51,0.0,HOLD
2022-06-06,4069.09,264,220.77,62353.22,0.0,HOLD
2022-06-07,4069.09,264,218.18,61669.62,0.0,HOLD
2022-06-08,4069.09,264,219.47,62008.34,0.0,HOLD
2022-06-09,4069.09,264,221.64,62581.08,0.0,HOLD
2022-06-10,4069.09,264,215.06,60844.38,0.0,HOLD
2022-06-13,4069.09,264,208.13,59015.31,0.0,HOLD
2022-06-14,4069.09,264,208.04,58990.67,0.0,HOLD
2022-06-15,4069.09,264,205.33,58276.29,0.0,HOLD
2022-06-16,4069.09,264,197.03,56083.85,0.0,HOLD
2022-06-17,4069.09,264,189.05,53977.65,1.0,HOLD
2022-06-20,4069.09,264,193.46,55141.6,1.0,HOLD
2022-06-21,4069.09,264,198.36,56434.89,1.0,HOLD
2022-06-22,4069.09,264,191.87,54722.82,0.0,HOLD
2022-06-23,4069.09,264,195.51,55683.55,0.0,HOLD
2022-06-24,4069.09,264,195.37,55646.61,0.0,HOLD
2022-06-27,4069.09,264,198.24,56404.09,0.0,HOLD
2022-06-28,4069.09,264,199.34,56693.55,0.0,HOLD
2022-06-29,4069.09,264,196.3,55892.95,0.0,HOLD
2022-06-30,4069.09,264,194.11,55314.04,0.0,HOLD
2022-07-01,4069.09,264,196.89,56046.9,0.0,HOLD
2022-07-04,4069.09,264,196.09,55837.51,0.0,HOLD
2022-07-05,4069.09,264,192.97,55012.28,0.0,HOLD
2022-07-06,4069.09,264,194.11,55314.04,0.0,HOLD
2022-07-07,4069.09,264,196.33,55899.1,0.0,HOLD
2022-07-08,4069.09,264,195.53,55689.71,0.0,HOLD
2022-07-11,4069.09,264,191.85,54716.67,0.0,HOLD
2022-07-12,4069.09,264,190.89,54464.16,0.0,HOLD
2022-07-13,4069.09,264,189.75,54162.41,0.0,HOLD
2022-07-14,4069.09,264,187.3,53515.76,0.0,HOLD
2022-07-15,4069.09,264,183.75,52579.66,0.0,HOLD
2022-07-18,4069.09,264,188.84,53922.22,1.0,HOLD
2022-07-19,4069.09,264,189.26,54033.07,0.0,HOLD
2022-07-20,4069.09,264,192.27,54827.52,0.0,HOLD
2022-07-21,4069.09,264,193.15,55061.54,0.0,HOLD
2022-07-22,4069.09,264,191.68,54673.56,0.0,HOLD
2022-07-25,4069.09,264,193.53,55160.09,0.0,HOLD
2022-07-26,4069.09,264,189.05,53977.65,0.0,HOLD
2022-07-27,4069.09,264,189.72,54156.24,0.0,HOLD
2022-07-28,4069.09,264,194.09,55307.88,0.0,HOLD
2022-07-29,4069.09,264,197.68,56256.3,0.0,HOLD
2022-08-01,4069.09,264,200.15,56909.1,0.0,HOLD
2022-08-02,4069.09,264,200.43,56983.0,0.0,HOLD
2022-08-03,4069.09,264,201.71,57321.71,0.0,HOLD
2022-08-04,4069.09,264,203.18,57709.71,0.0,HOLD
2022-08-05,4069.09,264,205.28,58263.97,0.0,HOLD
2022-08-08,4069.09,264,203.35,57752.81,0.0,HOLD
2022-08-10,4069.09,264,200.69,57050.74,0.0,HOLD
2022-08-11,4069.09,264,204.56,58073.06,0.0,HOLD
2022-08-12,4069.09,264,203.46,57783.61,0.0,HOLD
2022-08-16,4069.09,264,203.93,57906.77,0.0,HOLD
2022-08-17,4069.09,264,206.71,58639.64,0.0,HOLD
2022-08-18,4069.09,264,202.97,57654.27,0.0,HOLD
2022-08-19,4069.09,264,201.76,57334.03,0.0,HOLD
2022-08-22,4069.09,264,195.95,55800.56,0.0,HOLD
2022-08-23,4069.09,264,194.39,55387.94,0.0,HOLD
2022-08-24,4069.09,264,194.16,55326.36,0.0,HOLD
2022-08-25,4069.09,264,193.71,55209.35,0.0,HOLD
2022-08-26,4069.09,264,194.67,55461.85,0.0,HOLD
2022-08-29,4069.09,264,188.65,53872.95,0.0,HOLD
2022-08-30,4069.09,264,192.94,55006.11,0.0,HOLD
2022-09-01,4069.09,264,191.5,54624.29,0.0,HOLD
2022-09-02,4069.09,264,190.21,54285.57,0.0,HOLD
2022-09-05,4069.09,264,189.19,54014.6,0.0,HOLD
2022-09-06,4069.09,264,188.7,53885.27,0.0,HOLD
2022-09-07,4069.09,264,190.1,54254.78,0.0,HOLD
2022-09-08,4069.09,264,192.59,54913.73,0.0,HOLD
2022-09-09,4069.09,264,194.62,55449.52,0.0,HOLD
2022-09-12,4069.09,264,196.89,56046.9,0.0,HOLD
2022-09-13,4069.09,264,197.19,56126.96,0.0,HOLD
2022-09-14,4069.09,264,194.23,55344.84,0.0,HOLD
2022-09-15,4069.09,264,193.64,55190.87,0.0,HOLD
2022-09-16,4069.09,264,187.39,53540.39,0.0,HOLD
2022-09-19,4069.09,264,187.53,53577.34,0.0,HOLD
2022-09-20,4069.09,264,188.91,53940.69,0.0,HOLD
2022-09-21,4069.09,264,186.97,53429.54,0.0,HOLD
2022-09-22,4069.09,264,185.67,53084.66,0.0,HOLD
2022-09-23,4069.09,264,183.99,52641.25,0.0,HOLD
2022-09-26,4069.09,264,184.2,52696.67,0.0,HOLD
2022-09-27,4069.09,264,185.88,53140.09,0.0,HOLD
2022-09-28,4069.09,264,185.71,53096.98,0.0,HOLD
2022-09-29,4069.09,264,183.26,52450.33,0.0,HOLD
2022-09-30,4069.09,264,183.94,52628.93,0.0,HOLD
2022-10-03,4069.09,264,184.06,52659.72,0.0,HOLD
2022-10-04,4069.09,264,189.19,54014.6,0.0,HOLD
2022-10-06,4069.09,264,191.36,54587.33,0.0,HOLD
2022-10-07,4069.09,264,190.4,54334.84,0.0,HOLD
2022-10-10,4069.09,264,191.89,54728.98,0.0,HOLD
2022-10-11,4069.09,264,188.67,53879.11,0.0,HOLD
2022-10-12,4069.09,264,190.33,54316.37,0.0,HOLD
2022-10-13,4069.09,264,176.87,50762.9,0.0,HOLD
2022-10-14,4069.09,264,176.03,50541.19,0.0,HOLD
2022-10-17,4069.09,264,175.0,50270.22,0.0,HOLD
2022-10-18,4069.09,264,176.96,50787.54,0.0,HOLD
2022-10-19,4069.09,264,176.38,50633.57,0.0,HOLD
2022-10-20,4069.09,264,177.99,51058.51,0.0,HOLD
2022-10-21,4069.09,264,178.48,51187.84,0.0,HOLD
2022-10-24,4069.09,264,179.48,51452.66,0.0,HOLD
2022-10-25,4069.09,264,179.46,51446.5,0.0,HOLD
2022-10-27,4069.09,264,178.53,51200.16,0.0,HOLD
2022-10-28,4069.09,264,178.81,51274.06,0.0,HOLD
2022-10-31,4069.09,264,180.35,51680.52,0.0,HOLD
2022-11-01,4069.09,264,183.08,52401.06,0.0,HOLD
2022-11-02,4069.09,264,183.8,52591.98,0.0,HOLD
2022-11-03,4069.09,264,181.26,51920.71,0.0,HOLD
2022-11-04,4069.09,264,182.21,52173.2,0.0,HOLD
2022-11-07,4069.09,264,182.66,52290.22,0.0,HOLD
2022-11-09,4069.09,264,182.4,52222.47,0.0,HOLD
2022-11-10,4069.09,264,181.44,51969.97,0.0,HOLD
2022-11-11,4069.09,264,186.48,53300.21,0.0,HOLD
2022-11-14,4069.09,264,185.01,52912.22,0.0,HOLD
2022-11-15,4069.09,264,185.29,52986.12,0.0,HOLD
2022-11-16,4069.09,264,185.81,53121.61,0.0,HOLD
2022-11-17,4069.09,264,185.11,52936.86,0.0,HOLD
2022-11-18,4069.09,264,183.75,52579.66,0.0,HOLD
2022-11-21,4069.09,264,181.33,51939.18,0.0,HOLD
2022-11-22,4069.09,264,181.4,51957.65,0.0,HOLD
2022-11-23,4069.09,264,181.37,51951.49,0.0,HOLD
2022-11-24,4069.09,264,185.81,53121.61,0.0,HOLD
2022-11-25,4069.09,264,187.93,53682.03,0.0,HOLD
2022-11-28,4069.09,264,189.26,54033.07,0.0,HOLD
2022-11-29,4069.09,264,189.02,53971.49,0.0,HOLD
2022-11-30,4069.09,264,189.84,54187.04,0.0,HOLD
2022-12-01,4069.09,264,193.01,55024.59,0.0,HOLD
2022-12-02,4069.09,264,192.41,54864.47,0.0,HOLD
2022-12-05,4069.09,264,192.38,54858.31,0.0,HOLD
2022-12-06,4069.09,264,191.92,54735.14,0.0,HOLD
2022-12-07,4069.09,264,189.56,54113.13,0.0,HOLD
2022-12-08,4069.09,264,188.35,53792.89,0.0,HOLD
2022-12-09,4069.09,264,183.85,52604.3,0.0,HOLD
2022-12-12,4069.09,264,184.92,52887.59,0.0,HOLD
2022-12-13,4069.09,264,185.57,53060.03,0.0,HOLD
2022-12-14,4069.09,264,186.64,53343.32,0.0,HOLD
2022-12-15,4069.09,264,184.38,52745.95,0.0,HOLD
2022-12-16,4069.09,264,181.84,52074.66,0.0,HOLD
2022-12-19,4069.09,264,181.51,51988.44,0.0,HOLD
2022-12-20,4069.09,264,181.47,51976.13,0.0,HOLD
2022-12-21,4069.09,264,181.72,52043.87,0.0,HOLD
2022-12-22,4069.09,264,181.37,51951.49,0.0,HOLD
2022-12-23,4069.09,264,176.19,50584.3,0.0,HOLD
2022-12-26,4069.09,264,177.52,50935.34,1.0,HOLD
2022-12-27,4069.09,264,180.37,51686.68,0.0,HOLD
2022-12-28,4069.09,264,180.93,51834.48,0.0,HOLD
2022-12-29,4069.09,264,182.31,52197.84,0.0,HOLD
2022-12-30,4069.09,264,183.24,52444.17,0.0,HOLD
2023-01-02,4069.09,264,183.38,52481.12,0.0,HOLD
2023-01-03,4069.09,264,185.25,52973.81,0.0,HOLD
2023-01-04,4069.09,264,181.82,52068.5,0.0,HOLD
2023-01-05,4069.09,264,180.51,51723.63,0.0,HOLD
2023-01-06,4069.09,264,178.22,51120.09,0.0,HOLD
2023-01-09,4069.09,264,182.8,52327.17,0.0,HOLD
2023-01-10,4069.09,264,183.38,52481.12,0.0,HOLD
2023-01-11,4069.09,264,183.75,52579.66,0.0,HOLD
2023-01-12,4069.09,264,184.06,52659.72,0.0,HOLD
2023-01-13,4069.09,264,183.78,52585.82,0.0,HOLD
2023-01-16,4069.09,264,185.97,53164.72,0.0,HOLD
2023-01-17,4069.09,264,184.92,52887.59,0.0,HOLD
2023-01-18,4069.09,264,188.11,53731.3,0.0,HOLD
2023-01-19,4069.09,264,188.21,53755.94,0.0,HOLD
2023-01-20,4069.09,264,188.09,53725.14,0.0,HOLD
2023-01-23,4069.09,264,189.89,54199.35,0.0,HOLD
2023-01-24,4069.09,264,190.17,54273.44,0.0,HOLD
2023-01-25,4069.09,264,187.81,53649.89,0.0,HOLD
2023-01-27,4069.09,264,186.17,53217.73,0.0,HOLD
2023-01-30,4069.09,264,188.13,53736.32,0.0,HOLD
2023-01-31,4069.09,264,186.54,53316.52,0.0,HOLD
2023-02-01,4069.09,264,188.2,53754.85,0.0,HOLD
2023-02-02,4069.09,264,191.5,54625.34,0.0,HOLD
2023-02-03,4069.09,264,190.78,54433.95,0.0,HOLD
2023-02-06,4069.09,264,189.26,54032.66,0.0,HOLD
2023-02-07,4069.09,264,187.32,53520.25,0.0,HOLD
2023-02-08,4069.09,264,190.24,54291.96,0.0,HOLD
2023-02-09,4069.09,264,190.96,54483.34,0.0,HOLD
2023-02-10,4069.09,264,189.79,54174.65,0.0,HOLD
2023-02-13,4069.09,264,187.36,53532.59,0.0,HOLD
2023-02-14,4069.09,264,189.47,54088.23,0.0,HOLD
2023-02-15,4069.09,264,190.54,54372.21,0.0,HOLD
2023-02-16,4069.09,264,191.71,54680.9,0.0,HOLD
2023-02-17,4069.09,264,190.03,54236.39,0.0,HOLD
2023-02-20,4069.09,264,190.38,54329.0,0.0,HOLD
2023-02-21,4069.09,264,188.37,53798.07,0.0,HOLD
2023-02-22,4069.09,264,184.81,52859.66,0.0,HOLD
2023-02-23,4069.09,264,184.25,52711.5,0.0,HOLD
2023-02-24,4069.09,264,183.95,52631.23,0.0,HOLD
2023-02-27,4069.09,264,182.57,52266.99,0.0,HOLD
2023-02-28,4069.09,264,181.02,51859.53,0.0,HOLD
2023-03-01,4069.09,264,182.85,52341.07,0.0,HOLD
2023-03-02,4069.09,264,181.49,51983.0,0.0,HOLD
2023-03-03,4069.09,264,182.61,52279.34,0.0,HOLD
2023-03-06,4069.09,264,184.16,52686.8,0.0,HOLD
2023-03-08,4069.09,264,183.62,52544.81,0.0,HOLD
2023-03-09,4069.09,264,182.45,52236.13,0.0,HOLD
2023-03-10,4069.09,264,181.98,52112.64,0.0,HOLD
2023-03-13,4069.09,264,180.28,51661.97,0.0,HOLD
2023-03-14,4069.09,264,177.47,50921.13,0.0,HOLD
2023-03-15,4069.09,264,175.74,50464.28,0.0,HOLD
2023-03-16,4069.09,264,174.38,50106.2,1.0,HOLD
2023-03-17,4069.09,264,176.09,50556.88,1.0,HOLD
2023-03-20,4069.09,264,171.72,49402.4,0.0,HOLD
2023-03-21,4069.09,264,171.37,49309.8,1.0,HOLD
2023-03-22,4069.09,264,171.37,49309.8,1.0,HOLD
2023-03-23,4069.09,264,169.07,48704.78,1.0,HOLD
2023-03-24,4069.09,264,169.19,48735.65,1.0,HOLD
2023-03-27,4069.09,264,168.96,48673.91,1.0,HOLD
2023-03-28,4069.09,264,166.6,48050.37,1.0,HOLD
2023-03-29,4069.09,264,167.93,48402.27,1.0,HOLD
2023-03-31,4069.09,264,170.83,49167.8,1.0,HOLD
2023-04-03,4069.09,264,172.09,49501.18,0.0,HOLD
2023-04-05,4069.09,264,172.93,49723.43,0.0,HOLD
2023-04-06,4069.09,264,171.48,49340.66,0.0,HOLD
2023-04-10,4069.09,264,174.59,50161.77,0.0,HOLD
2023-04-11,4069.09,264,173.17,49785.17,0.0,HOLD
2023-04-12,4069.09,264,174.06,50019.77,0.0,HOLD
2023-04-13,4069.09,264,172.25,49544.4,0.0,HOLD
2023-04-17,4069.09,264,169.0,48686.26,0.0,HOLD
2023-04-18,4069.09,264,172.07,49495.01,0.0,HOLD
2023-04-19,4069.09,264,168.75,48618.35,0.0,HOLD
2023-04-20,4069.09,264,169.71,48871.47,0.0,HOLD
2023-04-21,4069.09,264,172.14,49513.53,0.0,HOLD
2023-04-24,4069.09,264,176.77,50735.92,0.0,HOLD
2023-04-25,4069.09,264,175.69,50451.93,0.0,HOLD
2023-04-26,4069.09,264,175.18,50316.11,0.0,HOLD
2023-04-27,4069.09,264,175.11,50297.59,0.0,HOLD
2023-04-28,4069.09,264,180.07,51606.41,0.0,HOLD
2023-05-02,4069.09,264,181.63,52020.05,0.0,HOLD
2023-05-03,4069.09,264,180.11,51618.75,0.0,HOLD
2023-05-04,4069.09,264,179.46,51445.89,0.0,HOLD
2023-05-05,4069.09,264,177.45,50914.95,0.0,HOLD
2023-05-08,4069.09,264,177.89,51032.26,0.0,HOLD
2023-05-09,4069.09,264,178.8,51273.03,0.0,HOLD
2023-05-10,4069.09,264,179.48,51452.07,0.0,HOLD
2023-05-11,4069.09,264,179.9,51563.19,0.0,HOLD
2023-05-12,4069.09,264,179.25,51390.33,0.0,HOLD
2023-05-15,4069.09,264,180.42,51699.01,0.0,HOLD
2023-05-16,4069.09,264,180.98,51847.18,0.0,HOLD
2023-05-17,4069.09,264,178.8,51273.03,0.0,HOLD
2023-05-18,4069.09,264,178.94,51310.07,0.0,HOLD
2023-05-19,4069.09,264,180.63,51754.58,0.0,HOLD
2023-05-22,4069.09,264,185.09,52933.75,0.0,HOLD
2023-05-23,4069.09,264,185.98,53168.35,0.0,HOLD
2023-05-24,4069.09,264,186.94,53421.47,0.0,HOLD
2023-05-25,4069.09,264,184.32,52730.02,0.0,HOLD
2023-05-26,4069.09,264,187.88,53668.42,0.0,HOLD
2023-05-29,4069.09,264,186.99,53433.81,0.0,HOLD
2023-05-30,4069.09,264,188.25,53767.19,0.0,HOLD
2023-05-31,4069.09,264,188.79,53909.19,0.0,HOLD
2023-06-01,4069.09,264,190.43,54341.35,0.0,HOLD
2023-06-02,4069.09,264,189.4,54069.71,0.0,HOLD
2023-06-05,4069.09,264,189.05,53977.1,0.0,HOLD
2023-06-06,4069.09,264,187.06,53452.34,0.0,HOLD
2023-06-07,4069.09,264,188.39,53804.23,0.0,HOLD
2023-06-08,4069.09,264,186.87,53402.95,0.0,HOLD
2023-06-09,4069.09,264,185.82,53125.13,0.0,HOLD
2023-06-12,4069.09,264,185.02,52915.23,0.0,HOLD
2023-06-13,4069.09,264,185.0,52909.05,0.0,HOLD
2023-06-14,4069.09,264,185.42,53020.18,0.0,HOLD
2023-06-15,4069.09,264,181.91,52094.13,0.0,HOLD
2023-06-16,4069.09,264,178.34,51149.55,0.0,HOLD
2023-06-19,4069.09,264,177.8,51007.56,0.0,HOLD
2023-06-20,4069.09,264,178.9,51297.72,0.0,HOLD
2023-06-21,4069.09,264,180.3,51668.14,0.0,HOLD
2023-06-22,4069.09,264,178.8,51273.03,0.0,HOLD
2023-06-23,4069.09,264,177.7,50982.87,0.0,HOLD
2023-06-26,4069.09,264,178.15,51100.17,0.0,HOLD
2023-06-27,4069.09,264,178.94,51310.07,0.0,HOLD
2023-06-28,4069.09,264,178.52,51198.95,0.0,HOLD
2023-06-30,4069.09,264,182.01,52118.82,0.0,HOLD
2023-07-03,4069.09,264,183.15,52421.33,0.0,HOLD
2023-07-04,4069.09,264,185.19,52958.44,0.0,HOLD
2023-07-05,4069.09,264,184.23,52705.32,0.0,HOLD
2023-07-06,4069.09,264,185.3,52989.32,0.0,HOLD
2023-07-07,4069.09,264,185.14,52946.1,0.0,HOLD
2023-07-10,4069.09,264,182.38,52217.6,0.0,HOLD
2023-07-11,4069.09,264,183.36,52476.89,0.0,HOLD
2023-07-12,4069.09,264,183.27,52452.2,0.0,HOLD
2023-07-13,4069.09,264,184.42,52754.71,0.0,HOLD
2023-07-14,4069.09,264,189.44,54082.05,0.0,HOLD
2023-07-17,4069.09,264,194.21,55341.48,0.0,HOLD
2023-07-18,55505.01,0,195.13,55505.01,-1.0,SELL
2023-07-19,55505.01,0,195.48,55505.01,-1.0,HOLD
2023-07-20,55505.01,0,195.34,55505.01,-1.0,HOLD
2023-07-21,55505.01,0,189.28,55505.01,-1.0,HOLD
2023-07-24,55505.01,0,188.98,55505.01,0.0,HOLD
2023-07-25,55505.01,0,187.27,55505.01,0.0,HOLD
2023-07-26,55505.01,0,188.37,55505.01,0.0,HOLD
2023-07-27,55505.01,0,187.06,55505.01,0.0,HOLD
2023-07-28,55505.01,0,186.5,55505.01,0.0,HOLD
2023-07-31,55505.01,0,189.44,55505.01,0.0,HOLD
2023-08-01,55505.01,0,190.33,55505.01,0.0,HOLD
2023-08-02,55505.01,0,188.39,55505.01,0.0,HOLD
2023-08-03,55505.01,0,186.92,55505.01,0.0,HOLD
2023-08-04,55505.01,0,191.22,55505.01,0.0,HOLD
2023-08-07,55505.01,0,192.3,55505.01,0.0,HOLD
2023-08-08,55505.01,0,194.73,55505.01,0.0,HOLD
2023-08-09,55505.01,0,195.41,55505.01,0.0,HOLD
2023-08-10,55505.01,0,195.8,55505.01,0.0,HOLD
2023-08-11,55505.01,0,193.18,55505.01,0.0,HOLD
2023-08-14,55505.01,0,194.17,55505.01,0.0,HOLD
2023-08-16,55505.01,0,195.8,55505.01,0.0,HOLD
2023-08-17,55505.01,0,195.29,55505.01,0.0,HOLD
2023-08-18,55505.01,0,192.55,55505.01,0.0,HOLD
2023-08-21,55505.01,0,193.91,55505.01,0.0,HOLD
2023-08-22,55505.01,0,195.08,55505.01,0.0,HOLD
2023-08-23,55505.01,0,194.21,55505.01,0.0,HOLD
2023-08-24,55505.01,0,193.02,55505.01,0.0,HOLD
2023-08-25,55505.01,0,191.62,55505.01,0.0,HOLD
2023-08-28,55505.01,0,190.85,55505.01,0.0,HOLD
2023-08-29,55505.01,0,190.87,55505.01,0.0,HOLD
2023-08-30,55505.01,0,190.45,55505.01,0.0,HOLD
2023-08-31,55505.01,0,191.01,55505.01,0.0,HOLD
2023-09-01,55505.01,0,194.73,55505.01,0.0,HOLD
2023-09-04,55505.01,0,203.03,55505.01,0.0,HOLD
2023-09-05,55505.01,0,201.98,55505.01,-1.0,HOLD
2023-09-06,55505.01,0,200.78,55505.01,0.0,HOLD
2023-09-07,55505.01,0,202.45,55505.01,0.0,HOLD
2023-09-08,55505.01,0,201.11,55505.01,0.0,HOLD
2023-09-11,55505.01,0,203.38,55505.01,0.0,HOLD
2023-09-12,55505.01,0,203.45,55505.01,0.0,HOLD
2023-09-13,55505.01,0,203.78,55505.01,0.0,HOLD
2023-09-14,55505.01,0,204.13,55505.01,0.0,HOLD
2023-09-15,55505.01,0,206.28,55505.01,0.0,HOLD
2023-09-18,55505.01,0,203.97,55505.01,-1.0,HOLD
2023-09-20,55505.01,0,201.16,55505.01,0.0,HOLD
2023-09-21,55505.01,0,200.62,55505.01,0.0,HOLD
2023-09-22,55505.01,0,195.73,55505.01,0.0,HOLD
2023-09-25,55505.01,0,193.68,55505.01,0.0,HOLD
2023-09-26,55505.01,0,193.11,55505.01,0.0,HOLD
2023-09-27,55505.01,0,194.4,55505.01,0.0,HOLD
2023-09-28,55505.01,0,189.58,55505.01,0.0,HOLD
2023-09-29,55505.01,0,189.91,55505.01,0.0,HOLD
2023-10-03,55505.01,0,189.63,55505.01,0.0,HOLD
2023-10-04,55505.01,0,189.37,55505.01,0.0,HOLD
2023-10-05,55505.01,0,190.26,55505.01,0.0,HOLD
2023-10-06,55505.01,0,190.75,55505.01,0.0,HOLD
2023-10-09,55505.01,0,189.7,55505.01,0.0,HOLD
2023-10-10,55505.01,0,190.71,55505.01,0.0,HOLD
2023-10-11,55505.01,0,196.97,55505.01,0.0,HOLD
2023-10-12,55505.01,0,195.08,55505.01,0.0,HOLD
2023-10-13,55505.01,0,192.25,55505.01,0.0,HOLD
2023-10-16,55505.01,0,191.85,55505.01,0.0,HOLD
2023-10-17,55505.01,0,192.41,55505.01,0.0,HOLD
2023-10-18,55505.01,0,190.57,55505.01,0.0,HOLD
2023-10-19,55505.01,0,184.88,55505.01,0.0,HOLD
2023-10-20,55505.01,0,183.27,55505.01,0.0,HOLD
2023-10-23,55505.01,0,179.2,55505.01,0.0,HOLD
2023-10-25,2741.22,295,178.59,55425.96,1.0,BUY
2023-10-26,2741.22,295,176.91,54929.26,1.0,HOLD
2023-10-27,2741.22,295,178.83,55494.95,1.0,HOLD
2023-10-30,2741.22,295,178.66,55446.65,0.0,HOLD
2023-10-31,2741.22,295,178.57,55419.05,0.0,HOLD
2023-11-01,2741.22,295,178.17,55301.79,0.0,HOLD
2023-11-02,2741.22,295,179.43,55674.3,1.0,HOLD
2023-11-03,2741.22,295,179.39,55660.51,0.0,HOLD
2023-11-06,2741.22,295,179.9,55812.28,0.0,HOLD
2023-11-07,2741.22,295,179.27,55626.01,0.0,HOLD
2023-11-08,2741.22,295,178.76,55474.25,0.0,HOLD
2023-11-09,2741.22,295,178.12,55287.99,0.0,HOLD
2023-11-10,2741.22,295,177.4,55074.13,0.0,HOLD
2023-11-13,2741.22,295,178.5,55398.37,0.0,HOLD
2023-11-15,2741.22,295,183.18,56778.08,0.0,HOLD
2023-11-16,2741.22,295,185.72,57530.04,0.0,HOLD
2023-11-17,2741.22,295,184.93,57295.48,0.0,HOLD
2023-11-20,2741.22,295,187.17,57957.75,0.0,HOLD
2023-11-21,2741.22,295,187.39,58019.84,0.0,HOLD
2023-11-22,2741.22,295,187.2,57964.65,0.0,HOLD
2023-11-23,2741.22,295,188.25,58275.08,0.0,HOLD
2023-11-24,2741.22,295,185.21,57378.27,0.0,HOLD
2023-11-28,2741.22,295,185.61,57495.55,0.0,HOLD
2023-11-29,2741.22,295,190.0,58792.48,0.0,HOLD
2023-11-30,2741.22,295,193.18,59730.69,0.0,HOLD
2023-12-01,2741.22,295,190.66,58985.64,0.0,HOLD
2023-12-04,2741.22,295,190.57,58958.05,0.0,HOLD
2023-12-05,2741.22,295,189.12,58530.34,0.0,HOLD
2023-12-06,2741.22,295,195.85,60517.14,0.0,HOLD
2023-12-07,2741.22,295,195.62,60448.15,0.0,HOLD
2023-12-08,2741.22,295,197.65,61048.33,0.0,HOLD
2023-12-11,2741.22,295,196.72,60772.39,0.0,HOLD
2023-12-12,2741.22,295,197.46,60993.14,0.0,HOLD
2023-12-13,2741.22,295,196.27,60641.31,0.0,HOLD
2023-12-14,2741.22,295,203.17,62676.41,0.0,HOLD
2023-12-15,64260.38,0,208.85,64260.38,-1.0,SELL
2023-12-18,64260.38,0,208.24,64260.38,-1.0,HOLD
2023-12-19,64260.38,0,205.18,64260.38,-1.0,HOLD
2023-12-20,64260.38,0,202.02,64260.38,0.0,HOLD
2023-12-21,64260.38,0,202.98,64260.38,0.0,HOLD
2023-12-22,64260.38,0,216.38,64260.38,0.0,HOLD
2023-12-26,64260.38,0,219.87,64260.38,-1.0,HOLD
2023-12-27,64260.38,0,220.26,64260.38,-1.0,HOLD
2023-12-28,64260.38,0,219.56,64260.38,-1.0,HOLD
2023-12-29,64260.38,0,220.43,64260.38,-1.0,HOLD
2024-01-01,64260.38,0,223.16,64260.38,-1.0,HOLD
2024-01-02,64260.38,0,219.45,64260.38,-1.0,HOLD
2024-01-03,64260.38,0,213.23,64260.38,-1.0,HOLD
2024-01-04,64260.38,0,211.59,64260.38,0.0,HOLD
2024-01-05,64260.38,0,213.55,64260.38,0.0,HOLD
2024-01-08,64260.38,0,210.63,64260.38,0.0,HOLD
2024-01-09,64260.38,0,210.82,64260.38,0.0,HOLD
2024-01-10,64260.38,0,212.15,64260.38,0.0,HOLD
2024-01-11,64260.38,0,209.62,64260.38,0.0,HOLD
2024-01-12,64260.38,0,217.69,64260.38,0.0,HOLD
2024-01-15,64260.38,0,231.33,64260.38,0.0,HOLD
2024-01-16,64260.38,0,226.84,64260.38,-1.0,HOLD
2024-01-17,64260.38,0,225.62,64260.38,0.0,HOLD
2024-01-18,64260.38,0,225.74,64260.38,0.0,HOLD
2024-01-19,64260.38,0,226.86,64260.38,0.0,HOLD
2024-01-23,64260.38,0,219.77,64260.38,0.0,HOLD
2024-01-24,64260.38,0,224.06,64260.38,0.0,HOLD
2024-01-25,64260.38,0,220.29,64260.38,0.0,HOLD
2024-01-29,64260.38,0,221.7,64260.38,0.0,HOLD
2024-01-30,64260.38,0,221.46,64260.38,0.0,HOLD
2024-01-31,64260.38,0,224.11,64260.38,0.0,HOLD
2024-02-01,64260.38,0,220.92,64260.38,0.0,HOLD
2024-02-02,64260.38,0,226.45,64260.38,0.0,HOLD
2024-02-05,64260.38,0,226.08,64260.38,0.0,HOLD
2024-02-06,64260.38,0,234.19,64260.38,0.0,HOLD
2024-02-07,64260.38,0,232.1,64260.38,0.0,HOLD
2024-02-08,64260.38,0,229.12,64260.38,0.0,HOLD
2024-02-09,64260.38,0,229.87,64260.38,0.0,HOLD
2024-02-12,64260.38,0,235.03,64260.38,0.0,HOLD
2024-02-13,64260.38,0,239.79,64260.38,0.0,HOLD
2024-02-14,64260.38,0,241.15,64260.38,0.0,HOLD
2024-02-15,64260.38,0,243.02,64260.38,0.0,HOLD
2024-02-16,64260.38,0,254.5,64260.38,-1.0,HOLD
2024-02-19,64260.38,0,251.2,64260.38,-1.0,HOLD
2024-02-20,64260.38,0,249.33,64260.38,-1.0,HOLD
2024-02-21,64260.38,0,244.38,64260.38,0.0,HOLD
2024-02-22,64260.38,0,248.9,64260.38,0.0,HOLD
2024-02-23,64260.38,0,251.29,64260.38,0.0,HOLD
2024-02-26,64260.38,0,249.77,64260.38,0.0,HOLD
2024-02-27,64260.38,0,249.09,64260.38,0.0,HOLD
2024-02-28,64260.38,0,242.65,64260.38,0.0,HOLD
2024-02-29,64260.38,0,243.07,64260.38,0.0,HOLD
2024-03-01,64260.38,0,243.3,64260.38,0.0,HOLD
2024-03-04,64260.38,0,243.96,64260.38,0.0,HOLD
2024-03-05,64260.38,0,240.58,64260.38,0.0,HOLD
2024-03-06,64260.38,0,240.51,64260.38,0.0,HOLD
2024-03-07,64260.38,0,241.62,64260.38,0.0,HOLD
2024-03-11,64260.38,0,241.17,64260.38,0.0,HOLD
2024-03-12,64260.38,0,239.44,64260.38,0.0,HOLD
2024-03-13,64260.38,0,236.41,64260.38,0.0,HOLD
2024-03-14,64260.38,0,242.76,64260.38,0.0,HOLD
2024-03-15,64260.38,0,242.32,64260.38,0.0,HOLD
2024-03-18,64260.38,0,239.13,64260.38,0.0,HOLD
2024-03-19,64260.38,0,231.94,64260.38,0.0,HOLD
2024-03-20,64260.38,0,231.3,64260.38,0.0,HOLD
2024-03-21,64260.38,0,234.56,64260.38,0.0,HOLD
2024-03-22,64260.38,0,228.3,64260.38,0.0,HOLD
2024-03-26,64260.38,0,224.91,64260.38,0.0,HOLD
2024-03-27,64260.38,0,221.37,64260.38,0.0,HOLD
2024-03-28,64260.38,0,225.02,64260.38,0.0,HOLD
2024-04-01,64260.38,0,227.3,64260.38,0.0,HOLD
2024-04-02,64260.38,0,225.54,64260.38,0.0,HOLD
2024-04-03,64260.38,0,226.48,64260.38,0.0,HOLD
2024-04-04,64260.38,0,228.44,64260.38,0.0,HOLD
2024-04-05,64260.38,0,227.34,64260.38,0.0,HOLD
2024-04-08,64260.38,0,224.93,64260.38,0.0,HOLD
2024-04-09,64260.38,0,223.01,64260.38,0.0,HOLD
2024-04-10,64260.38,0,223.71,64260.38,0.0,HOLD
2024-04-12,64260.38,0,220.64,64260.38,0.0,HOLD
2024-04-15,64260.38,0,215.3,64260.38,0.0,HOLD
2024-04-16,64260.38,0,210.14,64260.38,0.0,HOLD
2024-04-18,3355.16,292,208.27,64169.13,1.0,BUY
2024-04-19,3355.16,292,212.2,65318.75,1.0,HOLD
2024-04-22,3355.16,292,216.54,66584.71,0.0,HOLD
2024-04-23,3355.16,292,216.59,66598.4,0.0,HOLD
2024-04-24,3355.16,292,215.56,66297.3,0.0,HOLD
2024-04-25,3355.16,292,216.07,66447.86,0.0,HOLD
2024-04-26,3355.16,292,217.76,66940.55,0.0,HOLD
2024-04-29,3355.16,292,216.98,66714.73,0.0,HOLD
2024-04-30,3355.16,292,216.73,66639.46,0.0,HOLD
2024-05-02,3355.16,292,214.38,65955.16,0.0,HOLD
2024-05-03,3355.16,292,214.36,65948.31,0.0,HOLD
2024-05-06,3355.16,292,214.97,66126.23,0.0,HOLD
2024-05-07,3355.16,292,217.43,66844.75,0.0,HOLD
2024-05-08,3355.16,292,217.1,66748.95,0.0,HOLD
2024-05-09,3355.16,292,213.68,65749.87,0.0,HOLD
2024-05-10,3355.16,292,211.78,65195.58,0.0,HOLD
2024-05-13,3355.16,292,211.83,65209.26,0.0,HOLD
2024-05-14,3355.16,292,213.89,65811.45,0.0,HOLD
2024-05-15,3355.16,292,214.81,66078.33,0.0,HOLD
2024-05-16,3355.16,292,217.69,66920.02,0.0,HOLD
2024-05-17,3355.16,292,216.07,66447.86,0.0,HOLD
2024-05-21,3355.16,292,216.02,66434.16,0.0,HOLD
2024-05-22,3355.16,292,216.21,66488.91,0.0,HOLD
2024-05-23,3355.16,292,218.32,67104.78,0.0,HOLD
2024-05-24,3355.16,292,217.31,66810.53,0.0,HOLD
2024-05-27,3355.16,292,212.06,65277.7,0.0,HOLD
2024-05-28,3355.16,292,213.75,65770.39,0.0,HOLD
2024-05-29,3355.16,292,211.29,65051.87,0.0,HOLD
2024-05-30,3355.16,292,204.8,63156.36,0.0,HOLD
2024-05-31,3355.16,292,205.38,63327.44,0.0,HOLD
2024-06-03,3355.16,292,208.15,64134.91,0.0,HOLD
2024-06-04,3355.16,292,205.36,63320.59,0.0,HOLD
2024-06-05,3355.16,292,211.62,65147.68,0.0,HOLD
2024-06-06,3355.16,292,216.07,66447.86,0.0,HOLD
2024-06-07,3355.16,292,227.11,69670.92,0.0,HOLD
2024-06-10,3355.16,292,222.75,68398.12,0.0,HOLD
2024-06-11,3355.16,292,223.12,68507.6,0.0,HOLD
2024-06-12,3355.16,292,223.52,68623.93,0.0,HOLD
2024-06-13,3355.16,292,226.19,69404.04,0.0,HOLD
2024-06-14,3355.16,292,223.8,68706.05,0.0,HOLD
2024-06-18,3355.16,292,230.53,70670.0,0.0,HOLD
2024-06-19,3355.16,292,232.36,71203.75,0.0,HOLD
2024-06-20,3355.16,292,229.85,70471.54,0.0,HOLD
2024-06-21,3355.16,292,229.92,70492.08,0.0,HOLD
2024-06-24,3355.16,292,229.92,70492.08,0.0,HOLD
2024-06-25,3355.16,292,232.87,71354.3,0.0,HOLD
2024-06-26,3355.16,292,232.1,71128.48,0.0,HOLD
2024-06-27,3355.16,292,239.41,73263.5,0.0,HOLD
2024-06-28,73712.12,0,241.31,73712.12,-1.0,SELL
2024-07-01,73712.12,0,247.17,73712.12,-1.0,HOLD
2024-07-02,73712.12,0,252.25,73712.12,-1.0,HOLD
2024-07-03,73712.12,0,252.63,73712.12,-1.0,HOLD
2024-07-04,73712.12,0,248.74,73712.12,-1.0,HOLD
2024-07-05,73712.12,0,250.8,73712.12,-1.0,HOLD
2024-07-08,73712.12,0,253.66,73712.12,-1.0,HOLD
2024-07-09,73712.12,0,253.57,73712.12,-1.0,HOLD
2024-07-10,73712.12,0,251.01,73712.12,-1.0,HOLD
2024-07-11,73712.12,0,250.33,73712.12,0.0,HOLD
2024-07-12,73712.12,0,262.54,73712.12,0.0,HOLD
2024-07-15,73712.12,0,262.33,73712.12,-1.0,HOLD
2024-07-16,73712.12,0,262.33,73712.12,-1.0,HOLD
2024-07-18,73712.12,0,268.66,73712.12,-1.0,HOLD
2024-07-19,73712.12,0,261.16,73712.12,-1.0,HOLD
2024-07-22,73712.12,0,237.07,73712.12,0.0,HOLD
2024-07-23,73712.12,0,234.61,73712.12,0.0,HOLD
2024-07-24,73712.12,0,234.4,73712.12,0.0,HOLD
2024-07-25,73712.12,0,237.56,73712.12,0.0,HOLD
2024-07-26,73712.12,0,245.97,73712.12,0.0,HOLD
2024-07-29,73712.12,0,245.79,73712.12,0.0,HOLD
2024-07-30,73712.12,0,244.43,73712.12,0.0,HOLD
2024-07-31,73712.12,0,244.66,73712.12,0.0,HOLD
2024-08-01,73712.12,0,244.45,73712.12,0.0,HOLD
2024-08-02,73712.12,0,235.36,73712.12,0.0,HOLD
2024-08-05,73712.12,0,227.32,73712.12,0.0,HOLD
2024-08-06,73712.12,0,229.43,73712.12,0.0,HOLD
2024-08-07,73712.12,0,233.13,73712.12,0.0,HOLD
2024-08-08,73712.12,0,228.4,73712.12,0.0,HOLD
2024-08-09,73712.12,0,230.27,73712.12,0.0,HOLD
2024-08-12,73712.12,0,229.22,73712.12,0.0,HOLD
2024-08-13,73712.12,0,229.9,73712.12,0.0,HOLD
2024-08-14,73712.12,0,232.08,73712.12,0.0,HOLD
2024-08-16,73712.12,0,241.97,73712.12,0.0,HOLD
2024-08-19,73712.12,0,243.61,73712.12,0.0,HOLD
2024-08-20,73712.12,0,245.9,73712.12,0.0,HOLD
2024-08-21,73712.12,0,246.7,73712.12,0.0,HOLD
2024-08-22,73712.12,0,243.26,73712.12,0.0,HOLD
2024-08-23,73712.12,0,240.16,73712.12,0.0,HOLD
2024-08-26,73712.12,0,243.72,73712.12,0.0,HOLD
2024-08-27,73712.12,0,242.39,73712.12,0.0,HOLD
2024-08-28,73712.12,0,250.57,73712.12,0.0,HOLD
2024-08-29,73712.12,0,252.49,73712.12,0.0,HOLD
2024-08-30,73712.12,0,252.35,73712.12,0.0,HOLD
2024-09-02,73712.12,0,249.56,73712.12,0.0,HOLD
2024-09-03,73712.12,0,251.25,73712.12,0.0,HOLD
2024-09-04,73712.12,0,243.33,73712.12,0.0,HOLD
2024-09-05,73712.12,0,246.0,73712.12,0.0,HOLD
2024-09-06,73712.12,0,244.01,73712.12,0.0,HOLD
2024-09-09,73712.12,0,241.31,73712.12,0.0,HOLD
2024-09-10,73712.12,0,246.42,73712.12,0.0,HOLD
2024-09-11,73712.12,0,241.08,73712.12,0.0,HOLD
2024-09-12,73712.12,0,248.43,73712.12,0.0,HOLD
2024-09-13,73712.12,0,258.07,73712.12,0.0,HOLD
2024-09-16,73712.12,0,258.68,73712.12,0.0,HOLD
2024-09-17,73712.12,0,258.68,73712.12,0.0,HOLD
2024-09-18,73712.12,0,252.23,73712.12,0.0,HOLD
2024-09-19,73712.12,0,249.98,73712.12,0.0,HOLD
2024-09-20,73712.12,0,252.68,73712.12,0.0,HOLD
2024-09-23,73712.12,0,250.71,73712.12,0.0,HOLD
2024-09-24,73712.12,0,252.89,73712.12,0.0,HOLD
2024-09-25,73712.12,0,251.32,73712.12,0.0,HOLD
2024-09-26,73712.12,0,253.99,73712.12,0.0,HOLD
2024-09-27,73712.12,0,253.94,73712.12,0.0,HOLD
2024-09-30,73712.12,0,253.78,73712.12,0.0,HOLD
2024-10-01,73712.12,0,256.26,73712.12,0.0,HOLD
2024-10-03,73712.12,0,248.48,73712.12,0.0,HOLD
2024-10-04,73712.12,0,250.08,73712.12,0.0,HOLD
2024-10-07,73712.12,0,249.09,73712.12,0.0,HOLD
2024-10-08,73712.12,0,246.98,73712.12,0.0,HOLD
2024-10-09,73712.12,0,248.95,73712.12,0.0,HOLD
2024-10-10,73712.12,0,246.07,73712.12,0.0,HOLD
2024-10-11,73712.12,0,247.61,73712.12,0.0,HOLD
2024-10-14,73712.12,0,257.57,73712.12,0.0,HOLD
2024-10-15,73712.12,0,249.79,73712.12,0.0,HOLD
2024-10-16,73712.12,0,249.42,73712.12,0.0,HOLD
2024-10-17,73712.12,0,247.83,73712.12,0.0,HOLD
2024-10-18,73712.12,0,257.15,73712.12,0.0,HOLD
2024-10-21,73712.12,0,256.89,73712.12,0.0,HOLD
2024-10-22,73712.12,0,255.65,73712.12,0.0,HOLD
2024-10-23,73712.12,0,256.47,73712.12,0.0,HOLD
2024-10-24,73712.12,0,256.33,73712.12,0.0,HOLD
2024-10-25,73712.12,0,254.72,73712.12,0.0,HOLD
2024-10-28,73712.12,0,261.82,73712.12,0.0,HOLD
2024-10-29,73712.12,0,263.5,73712.12,0.0,HOLD
2024-10-30,73712.12,0,264.93,73712.12,0.0,HOLD
2024-10-31,73712.12,0,258.63,73712.12,0.0,HOLD
2024-11-01,73712.12,0,258.42,73712.12,0.0,HOLD
2024-11-04,73712.12,0,253.47,73712.12,0.0,HOLD
2024-11-05,73712.12,0,254.83,73712.12,0.0,HOLD
2024-11-06,73712.12,0,264.3,73712.12,0.0,HOLD
2024-11-07,73712.12,0,264.07,73712.12,0.0,HOLD
2024-11-08,73712.12,0,266.69,73712.12,0.0,HOLD
2024-11-11,73712.12,0,268.8,73712.12,0.0,HOLD
2024-11-12,73712.12,0,267.46,73712.12,0.0,HOLD
2024-11-13,73712.12,0,266.69,73712.12,0.0,HOLD
2024-11-14,73712.12,0,265.61,73712.12,0.0,HOLD
2024-11-18,73712.12,0,259.12,73712.12,0.0,HOLD
2024-11-19,73712.12,0,263.41,73712.12,0.0,HOLD
2024-11-21,73712.12,0,261.14,73712.12,0.0,HOLD
2024-11-22,73712.12,0,267.93,73712.12,0.0,HOLD
2024-11-25,73712.12,0,272.99,73712.12,0.0,HOLD
2024-11-26,73712.12,0,276.06,73712.12,0.0,HOLD
2024-11-27,73712.12,0,273.21,73712.12,0.0,HOLD
2024-11-28,73712.12,0,268.19,73712.12,0.0,HOLD
2024-11-29,73712.12,0,270.84,73712.12,0.0,HOLD
2024-12-02,73712.12,0,273.98,73712.12,0.0,HOLD
2024-12-03,73712.12,0,273.39,73712.12,0.0,HOLD
2024-12-04,73712.12,0,275.6,73712.12,0.0,HOLD
2024-12-05,73712.12,0,280.56,73712.12,0.0,HOLD
2024-12-06,73712.12,0,278.74,73712.12,0.0,HOLD
2024-12-09,73712.12,0,284.74,73712.12,0.0,HOLD
2024-12-10,73712.12,0,288.81,73712.12,0.0,HOLD
2024-12-11,73712.12,0,289.66,73712.12,-1.0,HOLD
2024-12-12,73712.12,0,289.75,73712.12,-1.0,HOLD
2024-12-13,73712.12,0,290.55,73712.12,-1.0,HOLD
2024-12-16,73712.12,0,289.84,73712.12,-1.0,HOLD
2024-12-17,73712.12,0,289.52,73712.12,-1.0,HOLD
2024-12-18,73712.12,0,293.03,73712.12,0.0,HOLD
2024-12-19,73712.12,0,293.17,73712.12,-1.0,HOLD
2024-12-20,73712.12,0,286.09,73712.12,-1.0,HOLD
2024-12-23,73712.12,0,288.63,73712.12,0.0,HOLD
2024-12-24,73712.12,0,286.19,73712.12,0.0,HOLD
2024-12-26,73712.12,0,285.95,73712.12,0.0,HOLD
2024-12-27,73712.12,0,289.75,73712.12,0.0,HOLD
2024-12-30,73712.12,0,284.69,73712.12,0.0,HOLD
2024-12-31,73712.12,0,282.95,73712.12,0.0,HOLD
2025-01-01,73712.12,0,281.5,73712.12,0.0,HOLD
2025-01-02,73712.12,0,284.78,73712.12,0.0,HOLD
2025-01-03,73712.12,0,276.02,73712.12,0.0,HOLD
2025-01-06,73712.12,0,275.88,73712.12,0.0,HOLD
2025-01-07,73712.12,0,275.64,73712.12,0.0,HOLD
2025-01-08,73712.12,0,278.92,73712.12,0.0,HOLD
2025-01-09,73712.12,0,274.0,73712.12,0.0,HOLD
2025-01-10,73712.12,0,281.74,73712.12,0.0,HOLD
2025-01-13,73712.12,0,273.58,73712.12,0.0,HOLD
2025-01-14,73712.12,0,274.52,73712.12,0.0,HOLD
2025-01-15,73712.12,0,274.33,73712.12,0.0,HOLD
2025-01-16,73712.12,0,270.02,73712.12,0.0,HOLD
2025-01-17,73712.12,0,264.3,73712.12,0.0,HOLD
2025-01-20,73712.12,0,281.45,73712.12,0.0,HOLD
2025-01-21,73712.12,0,279.67,73712.12,0.0,HOLD
2025-01-22,73712.12,0,289.75,73712.12,0.0,HOLD
2025-01-23,73712.12,0,297.81,73712.12,0.0,HOLD
2025-01-24,73712.12,0,300.06,73712.12,0.0,HOLD
2025-01-27,73712.12,0,288.67,73712.12,0.0,HOLD
2025-01-28,73712.12,0,290.25,73712.12,0.0,HOLD
2025-01-29,73712.12,0,298.71,73712.12,0.0,HOLD
2025-01-30,73712.12,0,295.41,73712.12,0.0,HOLD
2025-01-31,73712.12,0,298.18,73712.12,0.0,HOLD
2025-02-01,73712.12,0,291.4,73712.12,0.0,HOLD
2025-02-03,73712.12,0,299.81,73712.12,0.0,HOLD
2025-02-04,73712.12,0,302.34,73712.12,0.0,HOLD
2025-02-05,73712.12,0,303.16,73712.12,0.0,HOLD
2025-02-06,73712.12,0,303.97,73712.12,0.0,HOLD
2025-02-07,73712.12,0,304.02,73712.12,0.0,HOLD
2025-02-10,73712.12,0,305.02,73712.12,0.0,HOLD
2025-02-11,73712.12,0,299.24,73712.12,0.0,HOLD
2025-02-12,73712.12,0,296.56,73712.12,0.0,HOLD
2025-02-13,73712.12,0,294.98,73712.12,0.0,HOLD
2025-02-14,73712.12,0,294.55,73712.12,0.0,HOLD
2025-02-17,73712.12,0,291.92,73712.12,0.0,HOLD
2025-02-18,73712.12,0,298.47,73712.12,0.0,HOLD
2025-02-19,73712.12,0,300.29,73712.12,0.0,HOLD
2025-02-20,73712.12,0,299.52,73712.12,0.0,HOLD
2025-02-21,73712.12,0,292.88,73712.12,0.0,HOLD
2025-02-24,73712.12,0,282.08,73712.12,0.0,HOLD
2025-02-25,73712.12,0,278.49,73712.12,0.0,HOLD
2025-02-27,73712.12,0,281.55,73712.12,0.0,HOLD
2025-02-28,73712.12,0,265.44,73712.12,0.0,HOLD
2025-03-03,73712.12,0,271.08,73712.12,0.0,HOLD
2025-03-04,73712.12,0,267.69,73712.12,0.0,HOLD
2025-03-05,73712.12,0,272.56,73712.12,0.0,HOLD
2025-03-06,73712.12,0,273.33,73712.12,0.0,HOLD
2025-03-07,73712.12,0,272.28,73712.12,0.0,HOLD
2025-03-10,73712.12,0,268.55,73712.12,0.0,HOLD
2025-03-11,73712.12,0,265.54,73712.12,0.0,HOLD
2025-03-12,73712.12,0,256.74,73712.12,0.0,HOLD
2025-03-13,73712.12,0,252.39,73712.12,0.0,HOLD
2025-03-17,3800.3,281,248.42,73607.38,1.0,BUY
2025-03-18,3800.3,281,248.42,73607.38,1.0,HOLD
2025-03-19,3800.3,281,254.02,75178.95,1.0,HOLD
2025-03-20,3800.3,281,256.22,75796.82,0.0,HOLD
2025-03-21,3800.3,281,252.68,74802.84,0.0,HOLD
2025-03-24,3800.3,281,257.55,76172.93,0.0,HOLD
2025-03-25,3800.3,281,259.08,76602.75,0.0,HOLD
2025-03-26,3800.3,281,255.64,75635.64,0.0,HOLD
2025-03-27,3800.3,281,260.23,76925.13,0.0,HOLD
2025-03-28,3800.3,281,250.72,74252.12,0.0,HOLD
2025-04-01,3800.3,281,251.05,74346.15,0.0,HOLD
2025-04-02,3800.3,281,252.01,74614.79,0.0,HOLD
2025-04-03,3800.3,281,245.08,72667.13,0.0,HOLD
2025-04-04,3800.3,281,235.47,69967.25,0.0,HOLD
2025-04-07,3800.3,281,232.22,69053.86,1.0,HOLD
2025-04-08,3800.3,281,236.38,70222.47,1.0,HOLD
2025-04-09,3800.3,281,226.24,67374.84,0.0,HOLD
2025-04-11,3800.3,281,229.21,68207.64,1.0,HOLD
2025-04-15,3800.3,281,233.27,69349.38,0.0,HOLD
2025-04-16,3800.3,281,236.76,70329.92,0.0,HOLD
2025-04-17,3800.3,281,226.48,67442.0,0.0,HOLD
2025-04-21,3800.3,281,227.96,67858.4,0.0,HOLD
2025-04-22,3800.3,281,223.85,66703.23,0.0,HOLD
2025-04-23,3800.3,281,232.89,69241.92,0.0,HOLD
2025-04-24,3800.3,281,232.08,69013.57,0.0,HOLD
2025-04-25,3800.3,281,230.31,68516.58,0.0,HOLD
2025-04-28,3800.3,281,229.92,68409.12,0.0,HOLD
2025-04-29,3800.3,281,230.79,68650.9,0.0,HOLD
2025-04-30,3800.3,281,230.88,68677.77,0.0,HOLD
2025-05-02,3800.3,281,231.05,68726.12,0.0,HOLD
2025-05-05,3800.3,281,232.86,69233.86,0.0,HOLD
2025-05-06,3800.3,281,230.58,68594.49,0.0,HOLD
2025-05-07,3800.3,281,233.31,69360.12,0.0,HOLD
2025-05-08,3800.3,281,230.95,68696.57,0.0,HOLD
2025-05-09,3800.3,281,231.37,68814.77,0.0,HOLD
2025-05-12,3800.3,281,245.97,72916.97,0.0,HOLD
2025-05-13,3800.3,281,240.51,71383.01,0.0,HOLD
2025-05-14,3800.3,281,241.82,71751.05,0.0,HOLD
2025-05-15,3800.3,281,245.29,72726.23,0.0,HOLD
2025-05-16,3800.3,281,243.13,72119.09,0.0,HOLD
2025-05-19,3800.3,281,240.68,71431.36,0.0,HOLD
2025-05-20,3800.3,281,238.73,70883.33,0.0,HOLD
2025-05-21,3800.3,281,239.89,71208.39,0.0,HOLD
2025-05-22,3800.3,281,235.13,69870.54,0.0,HOLD
2025-05-23,3800.3,281,236.48,70252.02,0.0,HOLD
2025-05-26,3800.3,281,239.24,71025.72,0.0,HOLD
2025-05-27,3800.3,281,237.33,70491.11,0.0,HOLD
2025-05-28,3800.3,281,236.55,70270.82,0.0,HOLD
2025-05-29,3800.3,281,239.14,70998.85,0.0,HOLD
2025-05-30,3800.3,281,238.69,70872.58,0.0,HOLD
2025-06-02,3800.3,281,236.79,70337.98,0.0,HOLD
2025-06-03,3800.3,281,235.39,69945.76,0.0,HOLD
2025-06-04,3800.3,281,236.0,70117.69,0.0,HOLD
2025-06-05,3800.3,281,237.04,70407.83,0.0,HOLD
2025-06-06,3800.3,281,237.66,70582.45,0.0,HOLD
2025-06-09,3800.3,281,240.24,71307.79,0.0,HOLD
2025-06-10,3800.3,281,243.66,72269.53,0.0,HOLD
2025-06-11,3800.3,281,247.53,73357.55,0.0,HOLD
2025-06-12,3800.3,281,248.19,73542.9,0.0,HOLD
2025-06-13,3800.3,281,248.77,73704.09,0.0,HOLD
2025-06-16,3800.3,281,251.33,74424.06,0.0,HOLD
2025-06-17,3800.3,281,251.35,74429.43,0.0,HOLD
2025-06-18,3800.3,281,250.09,74074.82,0.0,HOLD
2025-06-19,3800.3,281,253.9,75146.7,0.0,HOLD
2025-06-20,3800.3,281,254.82,75404.61,0.0,HOLD
2025-06-23,74412.04,0,251.66,74412.04,-1.0,SELL
2025-06-24,74412.04,0,253.32,74412.04,0.0,HOLD
2025-06-25,74412.04,0,257.56,74412.04,0.0,HOLD
2025-06-26,74412.04,0,256.71,74412.04,0.0,HOLD
2025-06-27,74412.04,0,253.4,74412.04,0.0,HOLD
2025-06-30,74412.04,0,254.28,74412.04,0.0,HOLD
2025-07-01,74412.04,0,252.92,74412.04,0.0,HOLD
2025-07-02,74412.04,0,255.26,74412.04,0.0,HOLD
2025-07-03,74412.04,0,255.31,74412.04,0.0,HOLD
2025-07-04,74412.04,0,258.18,74412.04,0.0,HOLD
2025-07-07,74412.04,0,255.98,74412.04,0.0,HOLD
2025-07-08,74412.04,0,257.79,74412.04,0.0,HOLD
2025-07-09,74412.04,0,256.02,74412.04,0.0,HOLD
2025-07-10,74412.04,0,253.4,74412.04,0.0,HOLD
2025-07-11,74412.04,0,246.94,74412.04,0.0,HOLD
2025-07-14,74412.04,0,243.07,74412.04,0.0,HOLD
2025-07-15,74412.04,0,246.08,74412.04,0.0,HOLD
2025-07-16,74412.04,0,251.24,74412.04,0.0,HOLD
2025-07-17,74412.04,0,249.14,74412.04,0.0,HOLD
2025-07-18,74412.04,0,255.21,74412.04,0.0,HOLD
2025-07-21,74412.04,0,248.9,74412.04,0.0,HOLD
2025-07-22,74412.04,0,248.28,74412.04,0.0,HOLD
2025-07-23,74412.04,0,249.91,74412.04,0.0,HOLD
2025-07-24,74412.04,0,250.34,74412.04,0.0,HOLD
2025-07-25,74412.04,0,247.8,74412.04,0.0,HOLD
2025-07-28,74412.04,0,243.76,74412.04,0.0,HOLD
2025-07-29,74412.04,0,245.46,74412.04,0.0,HOLD
2025-07-30,74412.04,0,243.9,74412.04,0.0,HOLD
2025-07-31,74412.04,0,242.05,74412.04,0.0,HOLD
2025-08-01,74412.04,0,236.64,74412.04,0.0,HOLD
2025-08-04,74412.04,0,239.86,74412.04,0.0,HOLD
2025-08-05,74412.04,0,239.72,74412.04,0.0,HOLD
2025-08-06,74412.04,0,233.92,74412.04,0.0,HOLD
2025-08-07,74412.04,0,236.22,74412.04,0.0,HOLD
2025-08-08,74412.04,0,233.03,74412.04,0.0,HOLD
2025-08-11,74412.04,0,235.54,74412.04,0.0,HOLD
2025-08-12,74412.04,0,235.64,74412.04,0.0,HOLD
2025-08-13,74412.04,0,235.57,74412.04,0.0,HOLD
2025-08-14,74412.04,0,240.6,74412.04,0.0,HOLD
2025-08-18,74412.04,0,239.04,74412.04,0.0,HOLD
2025-08-19,74412.04,0,240.74,74412.04,0.0,HOLD
2025-08-20,74412.04,0,244.53,74412.04,0.0,HOLD
2025-08-21,74412.04,0,243.62,74412.04,0.0,HOLD
2025-08-22,74412.04,0,242.38,74412.04,0.0,HOLD
2025-08-25,74412.04,0,247.45,74412.04,0.0,HOLD
2025-08-26,74412.04,0,245.69,74412.04,0.0,HOLD
2025-08-28,74412.04,0,244.34,74412.04,0.0,HOLD
2025-08-29,74412.04,0,243.13,74412.04,0.0,HOLD
2025-09-01,74412.04,0,244.06,74412.04,0.0,HOLD
2025-09-02,74412.04,0,244.61,74412.04,0.0,HOLD
2025-09-03,74412.04,0,243.28,74412.04,0.0,HOLD
2025-09-04,74412.04,0,238.8,74412.04,0.0,HOLD
2025-09-05,74412.04,0,237.54,74412.04,0.0,HOLD
2025-09-08,74412.04,0,236.42,74412.04,0.0,HOLD
2025-09-09,74412.04,0,242.88,74412.04,0.0,HOLD
2025-09-10,74412.04,0,249.31,74412.04,0.0,HOLD
2025-09-11,74412.04,0,247.52,74412.04,0.0,HOLD
2025-09-12,74412.04,0,245.6,74412.04,0.0,HOLD
2025-09-15,74412.04,0,244.96,74412.04,0.0,HOLD
2025-09-16,74412.04,0,247.62,74412.04,0.0,HOLD
2025-09-17,74412.04,0,247.75,74412.04,0.0,HOLD
2025-09-18,74412.04,0,250.46,74412.04,0.0,HOLD
2025-09-19,74412.04,0,249.44,74412.04,0.0,HOLD
2025-09-22,74412.04,0,244.03,74412.04,0.0,HOLD
2025-09-23,74412.04,0,243.35,74412.04,0.0,HOLD
2025-09-24,74412.04,0,238.43,74412.04,0.0,HOLD
2025-09-25,74412.04,0,235.91,74412.04,0.0,HOLD
2025-09-26,74412.04,0,229.82,74412.04,0.0,HOLD
2025-09-29,74412.04,0,233.61,74412.04,0.0,HOLD
2025-09-30,74412.04,0,233.35,74412.04,0.0,HOLD
2025-10-01,74412.04,0,235.0,74412.04,0.0,HOLD
2025-10-03,74412.04,0,234.92,74412.04,0.0,HOLD
2025-10-06,74412.04,0,236.04,74412.04,0.0,HOLD
2025-10-07,74412.04,0,237.4,74412.04,0.0,HOLD
2025-10-08,74412.04,0,238.12,74412.04,0.0,HOLD
2025-10-09,74412.04,0,240.2,74412.04,0.0,HOLD
2025-10-10,74412.04,0,242.44,74412.04,0.0,HOLD
2025-10-13,74412.04,0,238.96,74412.04,0.0,HOLD
2025-10-14,74412.04,0,242.17,74412.04,0.0,HOLD
2025-10-15,74412.04,0,243.91,74412.04,0.0,HOLD
2025-10-16,74412.04,0,247.42,74412.04,0.0,HOLD
2025-10-17,74412.04,0,234.84,74412.04,0.0,HOLD
2025-10-20,74412.04,0,235.17,74412.04,0.0,HOLD
2025-10-21,74412.04,0,235.29,74412.04,0.0,HOLD
2025-10-23,74412.04,0,238.15,74412.04,0.0,HOLD
2025-10-24,74412.04,0,236.86,74412.04,0.0,HOLD
2025-10-27,74412.04,0,237.77,74412.04,0.0,HOLD
2025-10-28,74412.04,0,236.28,74412.04,0.0,HOLD
2025-10-29,74412.04,0,236.18,74412.04,0.0,HOLD
2025-10-30,74412.04,0,235.83,74412.04,0.0,HOLD
2025-10-31,74412.04,0,234.61,74412.04,0.0,HOLD
2025-11-03,74412.04,0,234.45,74412.04,0.0,HOLD
2025-11-04,74412.04,0,231.93,74412.04,0.0,HOLD
2025-11-06,74412.04,0,234.01,74412.04,0.0,HOLD
2025-11-07,74412.04,0,230.54,74412.04,0.0,HOLD
2025-11-10,74412.04,0,233.8,74412.04,0.0,HOLD
2025-11-11,74412.04,0,235.61,74412.04,0.0,HOLD
2025-11-12,74412.04,0,239.05,74412.04,0.0,HOLD
2025-11-13,74412.04,0,239.16,74412.04,0.0,HOLD
2025-11-14,74412.04,0,238.22,74412.04,0.0,HOLD
2025-11-17,74412.04,0,237.91,74412.04,0.0,HOLD
2025-11-18,74412.04,0,234.84,74412.04,0.0,HOLD
2025-11-19,74412.04,0,239.88,74412.04,0.0,HOLD
2025-11-20,74412.04,0,240.06,74412.04,0.0,HOLD
2025-11-21,74412.04,0,238.34,74412.04,0.0,HOLD
2025-11-24,74412.04,0,241.05,74412.04,0.0,HOLD
2025-11-25,74412.04,0,239.46,74412.04,0.0,HOLD
2025-11-26,74412.04,0,243.89,74412.04,0.0,HOLD
2025-11-27,74412.04,0,243.28,74412.04,0.0,HOLD
2025-11-28,74412.04,0,243.25,74412.04,0.0,HOLD
2025-12-01,74412.04,0,243.98,74412.04,0.0,HOLD
2025-12-02,74412.04,0,243.87,74412.04,0.0,HOLD
2025-12-03,74412.04,0,248.28,74412.04,0.0,HOLD
2025-12-04,74412.04,0,250.46,74412.04,0.0,HOLD
2025-12-05,74412.04,0,253.37,74412.04,0.0,HOLD
2025-12-08,74412.04,0,254.8,74412.04,-1.0,HOLD
2025-12-09,74412.04,0,250.93,74412.04,-1.0,HOLD
2025-12-10,74412.04,0,251.49,74412.04,0.0,HOLD
2025-12-11,74412.04,0,252.73,74412.04,0.0,HOLD
2025-12-12,74412.04,0,254.04,74412.04,0.0,HOLD
2025-12-15,74412.04,0,255.15,74412.04,0.0,HOLD
2025-12-16,74412.04,0,252.7,74412.04,0.0,HOLD
2025-12-17,74412.04,0,254.57,74412.04,0.0,HOLD
2025-12-18,74412.04,0,257.21,74412.04,0.0,HOLD
2025-12-19,74412.04,0,257.79,74412.04,0.0,HOLD
2025-12-22,74412.04,0,265.81,74412.04,0.0,HOLD
2025-12-23,74412.04,0,264.57,74412.04,-1.0,HOLD
2025-12-24,74412.04,0,261.31,74412.04,-1.0,HOLD
2025-12-26,74412.04,0,259.6,74412.04,0.0,HOLD
2025-12-29,74412.04,0,257.59,74412.04,0.0,HOLD
2025-12-30,74412.04,0,257.01,74412.04,0.0,HOLD
2025-12-31,74412.04,0,256.65,74412.04,0.0,HOLD
2026-01-01,74412.04,0,260.62,74412.04,0.0,HOLD
2026-01-02,74412.04,0,262.23,74412.04,0.0,HOLD
2026-01-05,74412.04,0,256.67,74412.04,0.0,HOLD
2026-01-06,74412.04,0,258.92,74412.04,0.0,HOLD
2026-01-07,74412.04,0,263.98,74412.04,0.0,HOLD
2026-01-08,74412.04,0,255.6,74412.04,0.0,HOLD
2026-01-09,74412.04,0,255.36,74412.04,0.0,HOLD
2026-01-12,74412.04,0,256.48,74412.04,0.0,HOLD
2026-01-13,74412.04,0,257.55,74412.04,0.0,HOLD
2026-01-14,74412.04,0,253.65,74412.04,0.0,HOLD
2026-01-15,74412.04,0,253.65,74412.04,0.0,HOLD
2026-01-16,74412.04,0,260.72,74412.04,0.0,HOLD
2026-01-19,74412.04,0,239.76,74412.04,0.0,HOLD
2026-01-20,74412.04,0,233.86,74412.04,0.0,HOLD
2026-01-21,74412.04,0,233.52,74412.04,0.0,HOLD
2026-01-22,74412.04,0,234.59,74412.04,0.0,HOLD
2026-01-23,74412.04,0,232.4,74412.04,0.0,HOLD
2026-01-27,74412.04,0,234.8,74412.04,0.0,HOLD
2026-01-28,74412.04,0,237.35,74412.04,0.0,HOLD
2026-01-29,74412.04,0,239.8,74412.04,0.0,HOLD
2026-01-30,74412.04,0,236.9,74412.04,0.0,HOLD
2026-02-02,74412.04,0,242.3,74412.04,0.0,HOLD
2026-02-03,74412.04,0,242.69,74412.04,0.0,HOLD
2026-02-04,74412.04,0,233.34,74412.04,0.0,HOLD
2026-02-05,74412.04,0,233.39,74412.04,0.0,HOLD
2026-02-06,74412.04,0,230.72,74412.04,0.0,HOLD
2026-02-09,74412.04,0,230.08,74412.04,0.0,HOLD
2026-02-10,74412.04,0,231.47,74412.04,0.0,HOLD
2026-02-11,74412.04,0,229.81,74412.04,0.0,HOLD
2026-02-12,74412.04,0,219.08,74412.04,0.0,HOLD
2026-02-13,3656.33,330,214.09,74306.03,1.0,BUY
2026-02-16,3656.33,330,213.26,74032.13,1.0,HOLD
2026-02-17,3656.33,330,215.69,74834.03,1.0,HOLD
2026-02-18,3656.33,330,211.95,73599.83,1.0,HOLD
2026-02-19,3656.33,330,211.21,73355.63,1.0,HOLD
2026-02-20,3656.33,330,209.86,72910.13,1.0,HOLD
2026-02-23,3656.33,330,205.89,71600.03,1.0,HOLD
2026-02-24,3656.33,330,200.14,69702.53,1.0,HOLD
2026-02-25,3656.33,330,201.92,70289.93,1.0,HOLD
2026-02-26,3656.33,330,201.08,70012.73,1.0,HOLD
2026-02-27,3656.33,330,200.96,69973.13,1.0,HOLD
2026-03-02,3656.33,330,198.57,69184.43,1.0,HOLD
2026-03-04,3656.33,330,195.55,68187.83,1.0,HOLD
2026-03-05,3656.33,330,195.68,68230.73,1.0,HOLD
2026-03-06,3656.33,330,195.4,68138.33,1.0,HOLD
2026-03-09,3656.33,330,198.75,69243.83,1.0,HOLD
2026-03-10,3656.33,330,200.93,69963.23,1.0,HOLD
2026-03-11,3656.33,330,202.23,70392.23,0.0,HOLD
2026-03-12,3656.33,330,202.51,70484.63,0.0,HOLD
2026-03-13,3656.33,330,197.58,68857.73,0.0,HOLD
2026-03-16,3656.33,330,195.11,68042.63,0.0,HOLD
2026-03-17,3656.33,330,191.32,66791.93,1.0,HOLD
2026-03-18,3656.33,330,194.3,67775.33,1.0,HOLD
2026-03-19,3656.33,330,188.41,65831.63,0.0,HOLD
