Date,Portfolio_Value,Action
2018-01-01,100000.0,BUY
2018-01-02,99628.77197265625,HOLD
2018-01-03,98818.79394531251,HOLD
2018-01-04,98249.89990234375,HOLD
2018-01-05,97922.06787109375,HOLD
2018-01-08,100241.06201171875,HOLD
2018-01-09,100752.0947265625,HOLD
2018-01-10,101803.11279296875,HOLD
2018-01-11,104073.89892578125,HOLD
2018-01-12,104329.404296875,HOLD
2018-01-15,104589.7509765625,HOLD
2018-01-16,108610.62988281251,HOLD
2018-01-17,111431.00341796875,HOLD
2018-01-18,111488.86474609375,HOLD
2018-01-19,110596.95068359375,HOLD
2018-01-22,111228.54003906251,HOLD
2018-01-23,113841.57958984375,HOLD
2018-01-24,114680.517578125,HOLD
2018-01-25,113677.67822265625,HOLD
2018-01-29,114400.85693359375,HOLD
2018-01-30,113219.68017578125,HOLD
2018-01-31,111252.62207031251,HOLD
2018-02-01,110707.83935546875,HOLD
2018-02-02,110577.65869140625,HOLD
2018-02-05,110090.72265625,HOLD
2018-02-06,107154.61181640625,HOLD
2018-02-07,107280.00244140625,HOLD
2018-02-08,109709.85595703125,HOLD
2018-02-09,107289.62646484375,HOLD
2018-02-12,106677.32177734375,HOLD
2018-02-14,106190.3857421875,HOLD
2018-02-15,107800.63720703125,HOLD
2018-02-16,109112.03125,HOLD
2018-02-19,109468.80859375,HOLD
2018-02-20,109970.18798828125,HOLD
2018-02-21,110977.82470703125,HOLD
2018-02-22,112265.05615234375,HOLD
2018-02-23,111773.29345703125,HOLD
2018-02-26,110129.29931640625,HOLD
2018-02-27,111247.81738281251,HOLD
2018-02-28,113407.66357421875,HOLD
2018-03-01,112265.05615234375,HOLD
2018-03-05,111797.412109375,HOLD
2018-03-06,111358.67675781251,HOLD
2018-03-07,110659.609375,HOLD
2018-03-08,111869.73876953125,HOLD
2018-03-09,112520.59814453125,HOLD
2018-03-12,114675.69091796875,HOLD
2018-03-13,114487.6416015625,HOLD
2018-03-14,114198.37158203125,HOLD
2018-03-15,114362.30224609375,HOLD
2018-03-16,113340.20751953125,HOLD
2018-03-19,110915.1513671875,HOLD
2018-03-20,112631.5234375,HOLD
2018-03-21,112915.94482421875,HOLD
2018-03-22,112318.09814453125,HOLD
2018-03-23,112925.59814453125,HOLD
2018-03-26,111734.73144531251,HOLD
2018-03-27,111614.21142578125,HOLD
2018-03-28,109473.62060546875,HOLD
2018-04-02,109989.47265625,HOLD
2018-04-03,110307.68066406251,HOLD
2018-04-04,108740.77392578125,HOLD
2018-04-05,110992.3046875,HOLD
2018-04-06,109010.7666015625,HOLD
2018-04-09,107492.1044921875,HOLD
2018-04-10,107699.41650390625,HOLD
2018-04-11,108745.615234375,HOLD
2018-04-12,112443.45947265625,HOLD
2018-04-13,113296.78955078125,HOLD
2018-04-16,109608.57666015625,HOLD
2018-04-17,108837.21191406251,HOLD
2018-04-18,108909.53125,HOLD
2018-04-19,109574.86328125,HOLD
2018-04-20,113971.767578125,HOLD
2018-04-23,114863.67431640625,HOLD
2018-04-24,111662.42675781251,HOLD
2018-04-25,112226.50146484375,HOLD
2018-04-26,113778.90625,HOLD
2018-04-27,114622.61962890625,HOLD
2018-04-30,116001.4697265625,HOLD
2018-05-02,115765.24902343751,HOLD
2018-05-03,114367.12890625,HOLD
2018-05-04,113455.908203125,HOLD
2018-05-07,114410.49560546875,HOLD
2018-05-08,112727.91015625,HOLD
2018-05-09,113224.47753906251,HOLD
2018-05-10,112964.15283203125,HOLD
2018-05-11,114193.56689453125,HOLD
2018-05-14,115017.98828125,HOLD
2018-05-15,115524.17236328125,HOLD
2018-05-16,115080.63964843751,HOLD
2018-05-17,114400.85693359375,HOLD
2018-05-18,114429.75830078125,HOLD
2018-05-21,114073.0029296875,HOLD
2018-05-22,115456.68701171875,HOLD
2018-05-23,114593.7109375,HOLD
2018-05-24,118074.58984375,HOLD
2018-05-25,118778.49853515625,HOLD
2018-05-28,117438.173828125,HOLD
2018-05-29,117659.98779296875,HOLD
2018-05-30,117177.87109375,HOLD
2018-05-31,119115.9765625,HOLD
2018-06-01,118055.31982421875,HOLD
2018-06-04,119848.779296875,HOLD
2018-06-05,118060.12451171875,HOLD
2018-06-06,119660.7666015625,HOLD
2018-06-07,121107.11669921875,HOLD
2018-06-08,121839.96337890625,HOLD
2018-06-11,122066.50878906251,HOLD
2018-06-12,121690.48339843751,HOLD
2018-06-13,123262.2021484375,HOLD
2018-06-14,122807.74902343751,HOLD
2018-06-15,126912.34375,HOLD
2018-06-18,125544.1650390625,HOLD
2018-06-19,122995.46142578125,HOLD
2018-06-20,123148.58154296875,HOLD
2018-06-21,123484.4482421875,HOLD
2018-06-22,123612.87109375,HOLD
2018-06-25,126043.0322265625,HOLD
2018-06-26,126576.4697265625,HOLD
2018-06-27,125801.025390625,HOLD
2018-06-28,127737.2265625,HOLD
2018-06-29,129475.908203125,HOLD
2018-07-02,132192.548828125,HOLD
2018-07-03,134074.4482421875,HOLD
2018-07-04,133229.7900390625,HOLD
2018-07-05,127184.0576171875,HOLD
2018-07-06,127208.740234375,HOLD
2018-07-09,128651.025390625,HOLD
2018-07-10,128902.9345703125,HOLD
2018-07-11,130784.8193359375,HOLD
2018-07-12,128206.4306640625,HOLD
2018-07-13,130483.515625,HOLD
2018-07-16,132009.7802734375,HOLD
2018-07-17,131520.8154296875,HOLD
2018-07-18,130992.2998046875,HOLD
2018-07-19,130414.3896484375,HOLD
2018-07-20,133516.3134765625,HOLD
2018-07-23,134291.7431640625,HOLD
2018-07-24,136386.07421875,HOLD
2018-07-25,137038.0615234375,HOLD
2018-07-26,136000.7763671875,HOLD
2018-07-27,136020.5224609375,HOLD
2018-07-30,133802.7783203125,HOLD
2018-07-31,135195.6689453125,HOLD
2018-08-01,134104.0966796875,HOLD
2018-08-02,134064.5166015625,HOLD
2018-08-03,135096.8505859375,HOLD
2018-08-06,134756.0693359375,HOLD
2018-08-07,135477.2119140625,HOLD
2018-08-08,134963.5205078125,HOLD
2018-08-09,136662.666015625,HOLD
2018-08-10,137205.9765625,HOLD
2018-08-13,139507.7294921875,HOLD
2018-08-14,139463.271484375,HOLD
2018-08-16,141562.5244140625,HOLD
2018-08-17,141641.5087890625,HOLD
2018-08-20,137087.4560546875,HOLD
2018-08-21,137057.8076171875,HOLD
2018-08-23,138386.4794921875,HOLD
2018-08-24,136499.658203125,HOLD
2018-08-27,140164.6826171875,HOLD
2018-08-28,141083.388671875,HOLD
2018-08-29,139641.0888671875,HOLD
2018-08-30,140243.6669921875,HOLD
2018-08-31,142703.4619140625,HOLD
2018-09-03,142026.77734375,HOLD
2018-09-04,145983.232421875,HOLD
2018-09-05,144550.8203125,HOLD
2018-09-06,144007.4951171875,HOLD
2018-09-07,145123.7939453125,HOLD
2018-09-10,144738.49609375,HOLD
2018-09-11,145420.1318359375,HOLD
2018-09-12,147119.248046875,HOLD
2018-09-14,145301.5966796875,HOLD
2018-09-17,143770.380859375,HOLD
2018-09-18,142417.01171875,HOLD
2018-09-19,142545.44921875,HOLD
2018-09-21,139690.4833984375,HOLD
2018-09-24,142249.08203125,HOLD
2018-09-25,143819.7607421875,HOLD
2018-09-26,142170.0244140625,HOLD
2018-09-27,143543.154296875,HOLD
2018-09-28,144580.4248046875,HOLD
2018-10-01,147860.1953125,HOLD
2018-10-03,144274.19921875,HOLD
2018-10-04,140065.87890625,HOLD
2018-10-05,143503.662109375,HOLD
2018-10-08,141498.26171875,HOLD
2018-10-09,142150.2490234375,HOLD
2018-10-10,138732.2412109375,HOLD
2018-10-11,133378.0029296875,HOLD
2018-10-12,134454.7509765625,HOLD
2018-10-15,138406.2255859375,HOLD
2018-10-16,137704.84375,HOLD
2018-10-17,139700.341796875,HOLD
2018-10-19,135393.232421875,HOLD
2018-10-22,134681.9775390625,HOLD
2018-10-23,130266.162109375,HOLD
2018-10-24,128725.087890625,HOLD
2018-10-25,129913.4716796875,HOLD
2018-10-26,126887.6318359375,HOLD
2018-10-29,129114.5751953125,HOLD
2018-10-30,132080.48828125,HOLD
2018-10-31,137433.173828125,HOLD
2018-11-01,133498.5595703125,HOLD
2018-11-02,132609.765625,HOLD
2018-11-05,133358.740234375,HOLD
2018-11-06,133448.6376953125,HOLD
2018-11-07,135256.15234375,HOLD
2018-11-09,132060.5224609375,HOLD
2018-11-12,132999.2236328125,HOLD
2018-11-13,133298.8134765625,HOLD
2018-11-14,130802.2509765625,HOLD
2018-11-15,131441.40625,HOLD
2018-11-16,130332.9150390625,HOLD
2018-11-19,130502.6611328125,HOLD
2018-11-20,128445.5224609375,HOLD
2018-11-21,123991.591796875,HOLD
2018-11-22,124321.15234375,HOLD
2018-11-26,124460.95703125,HOLD
2018-11-27,127946.1572265625,HOLD
2018-11-28,133438.662109375,HOLD
2018-11-29,132370.1025390625,HOLD
2018-11-30,133648.3544921875,HOLD
2018-12-03,134227.5390625,HOLD
2018-12-04,137203.486328125,HOLD
2018-12-05,136434.53125,HOLD
2018-12-06,133858.0615234375,HOLD
2018-12-07,136714.140625,HOLD
2018-12-10,133997.8515625,HOLD
2018-12-11,135056.435546875,HOLD
2018-12-12,135855.33203125,HOLD
2018-12-13,139700.0341796875,HOLD
2018-12-14,141357.7392578125,HOLD
2018-12-17,139030.99609375,HOLD
2018-12-18,135475.8203125,HOLD
2018-12-19,133129.052734375,HOLD
2018-12-20,133568.4619140625,HOLD
2018-12-21,129404.189453125,HOLD
2018-12-24,129963.408203125,HOLD
2018-12-26,128974.7705078125,HOLD
2018-12-27,131521.2841796875,HOLD
2018-12-28,131551.2255859375,HOLD
2018-12-31,131950.6884765625,HOLD
2019-01-01,133168.9990234375,HOLD
2019-01-02,133967.8955078125,HOLD
2019-01-03,133987.8759765625,HOLD
2019-01-04,132370.1025390625,HOLD
2019-01-07,134497.2021484375,HOLD
2019-01-08,134167.65625,HOLD
2019-01-09,135375.947265625,HOLD
2019-01-10,136094.9951171875,HOLD
2019-01-11,136853.9453125,HOLD
2019-01-14,140528.9013671875,HOLD
2019-01-15,145462.1435546875,HOLD
2019-01-16,147499.31640625,HOLD
2019-01-17,146810.25390625,HOLD
2019-01-18,146330.9423828125,HOLD
2019-01-21,149137.0849609375,HOLD
2019-01-22,149206.9873046875,HOLD
2019-01-23,146470.732421875,HOLD
2019-01-24,147344.3359375,HOLD
2019-01-25,147012.958984375,HOLD
2019-01-28,146531.0107421875,HOLD
2019-01-29,146520.9619140625,HOLD
2019-01-30,146119.3017578125,HOLD
2019-01-31,150868.7646484375,HOLD
2019-02-01,152374.9755859375,HOLD
2019-02-04,152143.9990234375,HOLD
2019-02-05,151933.1494140625,HOLD
2019-02-06,153630.09765625,HOLD
2019-02-07,153770.6787109375,HOLD
2019-02-08,153148.1494140625,HOLD
2019-02-11,153529.7119140625,HOLD
2019-02-12,151049.5263671875,HOLD
2019-02-14,148960.9521484375,HOLD
2019-02-15,149342.5,HOLD
2019-02-18,149161.767578125,HOLD
2019-02-19,145798.0029296875,HOLD
2019-02-20,149091.5283203125,HOLD
2019-02-21,147635.546875,HOLD
2019-02-22,147936.748046875,HOLD
2019-02-25,151943.1689453125,HOLD
2019-02-26,149452.978515625,HOLD
2019-02-27,147996.9970703125,HOLD
2019-02-28,147806.23046875,HOLD
2019-03-01,149332.509765625,HOLD
2019-03-05,147444.765625,HOLD
2019-03-06,147444.765625,HOLD
2019-03-07,145526.875,HOLD
2019-03-08,143398.134765625,HOLD
2019-03-11,143177.236328125,HOLD
2019-03-12,142313.6962890625,HOLD
2019-03-13,142614.94140625,HOLD
2019-03-14,142594.814453125,HOLD
2019-03-15,144643.251953125,HOLD
2019-03-18,142966.3720703125,HOLD
2019-03-19,145386.30859375,HOLD
2019-03-20,148740.0390625,HOLD
2019-03-22,149573.4326171875,HOLD
2019-03-25,147996.9970703125,HOLD
2019-03-26,146490.8154296875,HOLD
2019-03-27,146882.4267578125,HOLD
2019-03-28,148509.0771484375,HOLD
2019-04-01,151983.349609375,HOLD
2019-04-02,152846.904296875,HOLD
2019-04-03,151621.85546875,HOLD
2019-04-04,150537.4462890625,HOLD
2019-04-05,152826.7919921875,HOLD
2019-04-08,154423.3544921875,HOLD
2019-04-09,153087.900390625,HOLD
2019-04-10,151501.38671875,HOLD
2019-04-11,149493.14453125,HOLD
2019-04-12,150507.2998046875,HOLD
2019-04-15,146440.6298828125,HOLD
2019-04-16,145757.8076171875,HOLD
2019-04-18,144342.021484375,HOLD
2019-04-22,145145.2978515625,HOLD
2019-04-23,146581.2109375,HOLD
2019-04-24,148238.0078125,HOLD
2019-04-25,146651.4794921875,HOLD
2019-04-26,148549.2724609375,HOLD
2019-04-30,151230.2294921875,HOLD
2019-05-02,147103.3251953125,HOLD
2019-05-03,145657.4365234375,HOLD
2019-05-06,144613.134765625,HOLD
2019-05-07,145848.203125,HOLD
2019-05-08,144803.9013671875,HOLD
2019-05-09,145145.2978515625,HOLD
2019-05-10,144301.826171875,HOLD
2019-05-13,144874.19921875,HOLD
2019-05-14,143699.3798828125,HOLD
2019-05-15,144151.2255859375,HOLD
2019-05-16,147565.234375,HOLD
2019-05-17,145717.6708984375,HOLD
2019-05-20,145416.4404296875,HOLD
2019-05-21,142785.625,HOLD
2019-05-22,142875.9912109375,HOLD
2019-05-23,141128.828125,HOLD
2019-05-24,142765.5419921875,HOLD
2019-05-27,142544.6142578125,HOLD
2019-05-28,146561.0986328125,HOLD
2019-05-29,146500.8642578125,HOLD
2019-05-30,147655.615234375,HOLD
2019-05-31,148499.0576171875,HOLD
2019-06-03,149884.755859375,HOLD
2019-06-04,148007.0458984375,HOLD
2019-06-06,148067.2802734375,HOLD
2019-06-07,148770.1708984375,HOLD
2019-06-10,151662.0361328125,HOLD
2019-06-11,151943.1689453125,HOLD
2019-06-12,151722.28515625,HOLD
2019-06-13,151589.892578125,HOLD
2019-06-14,151141.826171875,HOLD
2019-06-17,151162.216796875,HOLD
2019-06-18,153117.3583984375,HOLD
2019-06-19,153473.7548828125,HOLD
2019-06-20,154084.7412109375,HOLD
2019-06-21,153127.5537109375,HOLD
2019-06-24,152170.3369140625,HOLD
2019-06-25,152699.86328125,HOLD
2019-06-26,150887.2802734375,HOLD
2019-06-27,149125.5859375,HOLD
2019-06-28,149420.9423828125,HOLD
2019-07-01,149278.3544921875,HOLD
2019-07-02,151050.21484375,HOLD
2019-07-03,149278.3544921875,HOLD
2019-07-04,149787.51953125,HOLD
2019-07-05,146569.66796875,HOLD
2019-07-08,146488.2080078125,HOLD
2019-07-09,146060.546875,HOLD
2019-07-10,146416.9140625,HOLD
2019-07-11,147282.4755859375,HOLD
2019-07-12,148351.73828125,HOLD
2019-07-15,159064.2578125,HOLD
2019-07-16,160184.39453125,HOLD
2019-07-17,162078.4375,HOLD
2019-07-18,161783.125,HOLD
2019-07-19,160296.3818359375,HOLD
2019-07-22,160092.724609375,HOLD
2019-07-23,161243.4326171875,HOLD
2019-07-24,160479.6923828125,HOLD
2019-07-25,162149.7021484375,HOLD
2019-07-26,160622.265625,HOLD
2019-07-29,161528.5498046875,HOLD
2019-07-30,161783.125,HOLD
2019-07-31,161976.6162109375,HOLD
2019-08-01,156925.8203125,HOLD
2019-08-02,158300.5322265625,HOLD
2019-08-05,158524.55078125,HOLD
2019-08-06,158066.3037109375,HOLD
2019-08-07,158402.3388671875,HOLD
2019-08-08,160978.6474609375,HOLD
2019-08-09,161202.666015625,HOLD
2019-08-13,156090.8154296875,HOLD
2019-08-14,158137.5830078125,HOLD
2019-08-16,158086.6943359375,HOLD
2019-08-19,158718.02734375,HOLD
2019-08-20,161793.3056640625,HOLD
2019-08-21,163157.822265625,HOLD
2019-08-22,162394.0966796875,HOLD
2019-08-23,163717.8759765625,HOLD
2019-08-26,163789.19921875,HOLD
2019-08-27,160143.6572265625,HOLD
2019-08-28,163778.9892578125,HOLD
2019-08-29,164685.2734375,HOLD
2019-08-30,166304.3798828125,HOLD
2019-09-03,166172.0166015625,HOLD
2019-09-04,167607.8125,HOLD
2019-09-05,170204.453125,HOLD
2019-09-06,171446.8310546875,HOLD
2019-09-09,169196.34765625,HOLD
2019-09-11,167363.41796875,HOLD
2019-09-12,166609.8876953125,HOLD
2019-09-13,169237.0849609375,HOLD
2019-09-16,168911.23046875,HOLD
2019-09-17,169634.2333984375,HOLD
2019-09-18,169349.1015625,HOLD
2019-09-19,167485.6005859375,HOLD
2019-09-20,164288.1103515625,HOLD
2019-09-23,156009.35546875,HOLD
2019-09-24,162058.046875,HOLD
2019-09-25,161772.9296875,HOLD
2019-09-26,159715.9521484375,HOLD
2019-09-27,159644.6875,HOLD
2019-09-30,164420.546875,HOLD
2019-10-01,161956.2255859375,HOLD
2019-10-03,160337.1484375,HOLD
2019-10-04,161935.8349609375,HOLD
2019-10-07,161141.5966796875,HOLD
2019-10-09,159939.9853515625,HOLD
2019-10-10,159817.7587890625,HOLD
2019-10-11,166284.00390625,HOLD
2019-10-14,160438.984375,HOLD
2019-10-15,156813.8037109375,HOLD
2019-10-16,157455.3173828125,HOLD
2019-10-17,157058.212890625,HOLD
2019-10-18,156722.1630859375,HOLD
2019-10-22,131407.12890625,HOLD
2019-10-23,134510.8251953125,HOLD
2019-10-24,131365.8935546875,HOLD
2019-10-25,131798.974609375,HOLD
2019-10-27,134149.931640625,HOLD
2019-10-29,134521.123046875,HOLD
2019-10-30,136573.046875,HOLD
2019-10-31,141728.6669921875,HOLD
2019-11-01,142202.9541015625,HOLD
2019-11-04,146554.31640625,HOLD
2019-11-05,143893.984375,HOLD
2019-11-06,147234.853515625,HOLD
2019-11-07,148843.4130859375,HOLD
2019-11-08,146379.00390625,HOLD
2019-11-11,145605.6982421875,HOLD
2019-11-13,142914.4580078125,HOLD
2019-11-14,145791.279296875,HOLD
2019-11-15,145502.5732421875,HOLD
2019-11-18,145770.6396484375,HOLD
2019-11-19,147348.2763671875,HOLD
2019-11-20,147379.1845703125,HOLD
2019-11-21,147430.76171875,HOLD
2019-11-22,143295.9765625,HOLD
2019-11-25,144306.4404296875,HOLD
2019-11-26,142759.78515625,HOLD
2019-11-27,143821.8115234375,HOLD
2019-11-28,145079.7900390625,HOLD
2019-11-29,143945.5615234375,HOLD
2019-12-02,143192.8662109375,HOLD
2019-12-03,144357.98828125,HOLD
2019-12-04,146523.3642578125,HOLD
2019-12-05,147760.732421875,HOLD
2019-12-06,147812.265625,HOLD
2019-12-09,148255.6298828125,HOLD
2019-12-10,147698.857421875,HOLD
2019-12-11,149039.306640625,HOLD
2019-12-12,145131.3525390625,HOLD
2019-12-13,147028.6181640625,HOLD
2019-12-16,147585.419921875,HOLD
2019-12-17,150823.1494140625,HOLD
2019-12-18,151390.263671875,HOLD
2019-12-19,151060.3076171875,HOLD
2019-12-20,151204.6533203125,HOLD
2019-12-23,152122.392578125,HOLD
2019-12-24,151586.1865234375,HOLD
2019-12-26,150668.4765625,HOLD
2019-12-27,152318.2861328125,HOLD
2019-12-30,151483.0615234375,HOLD
2019-12-31,151122.16796875,HOLD
2020-01-01,152297.6611328125,HOLD
2020-01-02,151854.267578125,HOLD
2020-01-03,154184.5703125,HOLD
2020-01-06,152710.087890625,HOLD
2020-01-07,150451.943359375,HOLD
2020-01-08,148451.552734375,HOLD
2020-01-09,150379.7705078125,HOLD
2020-01-10,152565.7568359375,HOLD
2020-01-13,159866.083984375,HOLD
2020-01-14,160299.1357421875,HOLD
2020-01-15,158628.7451171875,HOLD
2020-01-16,158515.322265625,HOLD
2020-01-17,158690.5908203125,HOLD
2020-01-20,158814.3408203125,HOLD
2020-01-21,157587.3291015625,HOLD
2020-01-22,159175.234375,HOLD
2020-01-23,162093.291015625,HOLD
2020-01-24,161763.3349609375,HOLD
2020-01-27,160804.3896484375,HOLD
2020-01-28,160783.779296875,HOLD
2020-01-29,163196.58203125,HOLD
2020-01-30,161340.56640625,HOLD
2020-01-31,160361.0107421875,HOLD
2020-02-03,158597.7783203125,HOLD
2020-02-04,162815.078125,HOLD
2020-02-05,162134.541015625,HOLD
2020-02-06,159412.4072265625,HOLD
2020-02-07,160639.404296875,HOLD
2020-02-10,159793.896484375,HOLD
2020-02-11,159866.083984375,HOLD
2020-02-12,161412.75390625,HOLD
2020-02-13,163722.4609375,HOLD
2020-02-14,162526.357421875,HOLD
2020-02-17,163145.01953125,HOLD
2020-02-18,164836.0791015625,HOLD
2020-02-19,165413.4912109375,HOLD
2020-02-20,164702.03125,HOLD
2020-02-24,164464.84375,HOLD
2020-02-25,164990.7373046875,HOLD
2020-02-26,161763.3349609375,HOLD
2020-02-27,160752.8271484375,HOLD
2020-02-28,151235.5908203125,HOLD
2020-03-02,153163.80859375,HOLD
2020-03-03,154390.8203125,HOLD
2020-03-04,156813.935546875,HOLD
2020-03-05,155958.1005859375,HOLD
2020-03-06,152730.7275390625,HOLD
2020-03-09,145616.0107421875,HOLD
2020-03-11,141811.1376953125,HOLD
2020-03-12,130510.0732421875,HOLD
2020-03-13,132809.453125,HOLD
2020-03-16,120600.99121093751,HOLD
2020-03-17,114785.46630859375,HOLD
2020-03-18,110526.953125,HOLD
2020-03-19,112846.95800781251,HOLD
2020-03-20,121023.7890625,HOLD
2020-03-23,108908.08837890625,HOLD
2020-03-24,121972.4072265625,HOLD
2020-03-25,125354.482421875,HOLD
2020-03-26,132943.5009765625,HOLD
2020-03-27,134943.8916015625,HOLD
2020-03-30,129582.05078125,HOLD
2020-03-31,132634.169921875,HOLD
2020-04-01,124653.3056640625,HOLD
2020-04-03,121126.85546875,HOLD
2020-04-07,132118.6181640625,HOLD
2020-04-08,130592.529296875,HOLD
2020-04-09,131551.5185546875,HOLD
2020-04-13,131788.662109375,HOLD
2020-04-15,132128.9013671875,HOLD
2020-04-16,128994.326171875,HOLD
2020-04-17,130004.833984375,HOLD
2020-04-20,135067.626953125,HOLD
2020-04-21,130922.529296875,HOLD
2020-04-22,132706.357421875,HOLD
2020-04-23,140429.4384765625,HOLD
2020-04-24,136036.8701171875,HOLD
2020-04-27,137397.9443359375,HOLD
2020-04-28,136593.701171875,HOLD
2020-04-29,139862.3095703125,HOLD
2020-04-30,147894.8095703125,HOLD
2020-05-04,139274.5849609375,HOLD
2020-05-05,139274.5849609375,HOLD
2020-05-06,137666.0400390625,HOLD
2020-05-07,137470.1171875,HOLD
2020-05-08,139377.7099609375,HOLD
2020-05-11,141171.8359375,HOLD
2020-05-12,142151.4208984375,HOLD
2020-05-13,143491.884765625,HOLD
2020-05-14,136067.8076171875,HOLD
2020-05-15,134861.376953125,HOLD
2020-05-18,137253.61328125,HOLD
2020-05-19,138222.841796875,HOLD
2020-05-20,138418.75,HOLD
2020-05-21,138965.2685546875,HOLD
2020-05-22,143120.6640625,HOLD
2020-05-26,140687.20703125,HOLD
2020-05-27,145822.2021484375,HOLD
2020-05-28,146224.345703125,HOLD
2020-05-29,144782.0166015625,HOLD
2020-06-01,146569.2578125,HOLD
2020-06-02,148356.4404296875,HOLD
2020-06-03,146987.3095703125,HOLD
2020-06-04,148283.330078125,HOLD
2020-06-05,147405.361328125,HOLD
2020-06-08,151021.62109375,HOLD
2020-06-09,150342.2705078125,HOLD
2020-06-10,149976.4404296875,HOLD
2020-06-11,147488.974609375,HOLD
2020-06-12,145001.494140625,HOLD
2020-06-15,144060.888671875,HOLD
2020-06-16,146914.1552734375,HOLD
2020-06-17,147426.2646484375,HOLD
2020-06-18,149568.876953125,HOLD
2020-06-19,147823.427734375,HOLD
2020-06-22,147436.73828125,HOLD
2020-06-23,150979.814453125,HOLD
2020-06-24,149621.11328125,HOLD
2020-06-25,146767.83203125,HOLD
2020-06-26,156738.6279296875,HOLD
2020-06-29,153300.068359375,HOLD
2020-06-30,154177.9638671875,HOLD
2020-07-01,153331.4306640625,HOLD
2020-07-02,158494.5068359375,HOLD
2020-07-03,159769.580078125,HOLD
2020-07-06,160041.30859375,HOLD
2020-07-07,166343.623046875,HOLD
2020-07-08,162277.94921875,HOLD
2020-07-09,163741.1669921875,HOLD
2020-07-10,163772.529296875,HOLD
2020-07-13,166949.8193359375,HOLD
2020-07-14,164065.1904296875,HOLD
2020-07-15,174035.9716796875,HOLD
2020-07-16,190768.92578125,HOLD
2020-07-17,189128.037109375,HOLD
2020-07-20,195639.3408203125,HOLD
2020-07-21,196151.46484375,HOLD
2020-07-22,192211.2255859375,HOLD
2020-07-23,190131.3818359375,HOLD
2020-07-24,193245.947265625,HOLD
2020-07-27,198597.1533203125,HOLD
2020-07-28,201607.216796875,HOLD
2020-07-29,199788.6279296875,HOLD
2020-07-30,201314.541015625,HOLD
2020-07-31,202265.6494140625,HOLD
2020-08-03,200363.4765625,HOLD
2020-08-04,198889.7705078125,HOLD
2020-08-05,197813.2861328125,HOLD
2020-08-06,203279.453125,HOLD
2020-08-07,199109.2919921875,HOLD
2020-08-10,199203.3349609375,HOLD
2020-08-11,198597.1533203125,HOLD
2020-08-12,199955.83984375,HOLD
2020-08-13,199171.9873046875,HOLD
2020-08-14,199673.6669921875,HOLD
2020-08-17,200488.8525390625,HOLD
2020-08-18,202589.6435546875,HOLD
2020-08-19,200865.15625,HOLD
2020-08-20,199997.67578125,HOLD
2020-08-21,198670.3076171875,HOLD
2020-08-24,198377.67578125,HOLD
2020-08-25,196433.6962890625,HOLD
2020-08-26,199088.359375,HOLD
2020-08-27,198304.5068359375,HOLD
2020-08-28,195837.9150390625,HOLD
2020-08-31,194447.8515625,HOLD
2020-09-01,191427.373046875,HOLD
2020-09-02,193486.3427734375,HOLD
2020-09-03,195900.654296875,HOLD
2020-09-04,192472.5390625,HOLD
2020-09-07,193705.8056640625,HOLD
2020-09-08,196684.5361328125,HOLD
2020-09-09,194270.2099609375,HOLD
2020-09-10,196841.2744140625,HOLD
2020-09-11,198022.3193359375,HOLD
2020-09-14,204857.6611328125,HOLD
2020-09-15,205704.2236328125,HOLD
2020-09-16,209738.53515625,HOLD
2020-09-17,211672.0556640625,HOLD
2020-09-18,209822.1337890625,HOLD
2020-09-21,211442.1337890625,HOLD
2020-09-22,210940.4541015625,HOLD
2020-09-23,213501.103515625,HOLD
2020-09-24,204230.546875,HOLD
2020-09-25,211766.142578125,HOLD
2020-09-28,211546.650390625,HOLD
2020-09-29,211254.00390625,HOLD
2020-09-30,211097.2216796875,HOLD
2020-10-01,213062.1337890625,HOLD
2020-10-05,219552.5341796875,HOLD
2020-10-06,221026.1962890625,HOLD
2020-10-07,223283.76953125003,HOLD
2020-10-08,228958.9404296875,HOLD
2020-10-09,231697.2607421875,HOLD
2020-10-12,236985.7861328125,HOLD
2020-10-13,242357.822265625,HOLD
2020-10-14,238009.990234375,HOLD
2020-10-15,232000.3662109375,HOLD
2020-10-16,236024.189453125,HOLD
2020-10-19,235689.794921875,HOLD
2020-10-20,238114.49218749997,HOLD
2020-10-21,240382.5537109375,HOLD
2020-10-22,236348.18359375003,HOLD
2020-10-23,237499.7119140625,HOLD
2020-10-26,235376.3330078125,HOLD
2020-10-27,230812.7587890625,HOLD
2020-10-28,227791.5185546875,HOLD
2020-10-29,227432.3095703125,HOLD
2020-10-30,224421.5869140625,HOLD
2020-11-02,226893.583984375,HOLD
2020-11-03,224833.6181640625,HOLD
2020-11-04,231467.705078125,HOLD
2020-11-05,233591.0400390625,HOLD
2020-11-06,235439.7314453125,HOLD
2020-11-09,240468.115234375,HOLD
2020-11-10,230855.0341796875,HOLD
2020-11-11,237499.7119140625,HOLD
2020-11-12,236496.1181640625,HOLD
2020-11-13,237858.8330078125,HOLD
2020-11-14,239813.1396484375,HOLD
2020-11-17,237753.20312499997,HOLD
2020-11-18,234974.92187499997,HOLD
2020-11-19,232059.3115234375,HOLD
2020-11-20,233453.6962890625,HOLD
2020-11-23,241165.29296875003,HOLD
2020-11-24,241207.5830078125,HOLD
2020-11-25,236052.431640625,HOLD
2020-11-26,235534.7412109375,HOLD
2020-11-27,232745.9423828125,HOLD
2020-12-01,240742.77343749997,HOLD
2020-12-02,241387.1728515625,HOLD
2020-12-03,238334.21874999997,HOLD
2020-12-04,240066.7041015625,HOLD
2020-12-07,241936.44531249997,HOLD
2020-12-08,244017.607421875,HOLD
2020-12-09,248633.9453125,HOLD
2020-12-10,247059.94140625,HOLD
2020-12-11,246098.6083984375,HOLD
2020-12-14,246383.857421875,HOLD
2020-12-15,244281.6748046875,HOLD
2020-12-16,246626.7578125,HOLD
2020-12-17,245253.5107421875,HOLD
2020-12-18,251718.583984375,HOLD
2020-12-21,249077.646484375,HOLD
2020-12-22,258204.853515625,HOLD
2020-12-23,265081.884765625,HOLD
2020-12-24,261490.205078125,HOLD
2020-12-28,262388.095703125,HOLD
2020-12-29,264500.869140625,HOLD
2020-12-30,263761.357421875,HOLD
2020-12-31,265662.87109375,HOLD
2021-01-01,266645.283203125,HOLD
2021-01-04,272518.80859375,HOLD
2021-01-05,273691.416015625,HOLD
2021-01-06,271219.4921875,HOLD
2021-01-07,267004.4921875,HOLD
2021-01-08,277557.75390625,HOLD
2021-01-11,291100.5859375,HOLD
2021-01-12,290160.44921875,HOLD
2021-01-13,293414.04296875,HOLD
2021-01-14,289896.337890625,HOLD
2021-01-15,284498.154296875,HOLD
2021-01-18,277547.177734375,HOLD
2021-01-19,278519.072265625,HOLD
2021-01-20,283336.15234375,HOLD
2021-01-21,283388.974609375,HOLD
2021-01-22,283631.93359375,HOLD
2021-01-25,280304.365234375,HOLD
2021-01-27,275212.568359375,HOLD
2021-01-28,269972.91015625,HOLD
2021-01-29,262124.013671875,HOLD
2021-02-01,266740.380859375,HOLD
2021-02-02,268927.0703125,HOLD
2021-02-03,271758.232421875,HOLD
2021-02-04,270638.388671875,HOLD
2021-02-05,269106.71875,HOLD
2021-02-08,275751.337890625,HOLD
2021-02-09,276173.916015625,HOLD
2021-02-10,274261.85546875,HOLD
2021-02-11,273448.427734375,HOLD
2021-02-12,277071.8359375,HOLD
2021-02-15,277040.13671875,HOLD
2021-02-16,272973.056640625,HOLD
2021-02-17,271050.419921875,HOLD
2021-02-18,273406.181640625,HOLD
2021-02-19,273163.22265625,HOLD
2021-02-22,267648.876953125,HOLD
2021-02-23,267891.865234375,HOLD
2021-02-24,269571.513671875,HOLD
2021-02-25,269624.3359375,HOLD
2021-02-26,265134.70703125,HOLD
2021-03-01,268029.208984375,HOLD
2021-03-02,275952.080078125,HOLD
2021-03-03,284202.431640625,HOLD
2021-03-04,281413.544921875,HOLD
2021-03-05,278529.6484375,HOLD
2021-03-08,282554.482421875,HOLD
2021-03-09,284625.009765625,HOLD
2021-03-10,289399.814453125,HOLD
2021-03-12,290815.380859375,HOLD
2021-03-15,290551.240234375,HOLD
2021-03-16,292748.564453125,HOLD
2021-03-17,293382.40234375,HOLD
2021-03-18,282839.658203125,HOLD
2021-03-19,284392.568359375,HOLD
2021-03-22,289959.736328125,HOLD
2021-03-23,290118.173828125,HOLD
2021-03-24,286357.451171875,HOLD
2021-03-25,282142.48046875,HOLD
2021-03-26,282649.521484375,HOLD
2021-03-30,293023.22265625,HOLD
2021-03-31,289378.69140625,HOLD
2021-04-01,293002.0703125,HOLD
2021-04-05,298220.576171875,HOLD
2021-04-06,298463.59375,HOLD
2021-04-07,302509.55078125,HOLD
2021-04-08,304548.37890625,HOLD
2021-04-09,304801.9140625,HOLD
2021-04-12,301569.384765625,HOLD
2021-04-13,295526.875,HOLD
2021-04-15,287836.416015625,HOLD
2021-04-16,286357.451171875,HOLD
2021-04-19,288216.689453125,HOLD
2021-04-20,285850.3515625,HOLD
2021-04-22,285797.55859375,HOLD
2021-04-23,282142.48046875,HOLD
2021-04-26,284202.431640625,HOLD
2021-04-27,285248.271484375,HOLD
2021-04-28,286832.79296875,HOLD
2021-04-29,286906.767578125,HOLD
2021-04-30,286484.189453125,HOLD
2021-05-03,285998.30078125,HOLD
2021-05-04,281212.83203125,HOLD
2021-05-05,283769.306640625,HOLD
2021-05-06,288015.91796875,HOLD
2021-05-07,286103.857421875,HOLD
2021-05-10,283357.275390625,HOLD
2021-05-11,281476.943359375,HOLD
2021-05-12,280705.76171875,HOLD
2021-05-14,278466.220703125,HOLD
2021-05-17,281212.83203125,HOLD
2021-05-18,283452.373046875,HOLD
2021-05-19,282818.564453125,HOLD
2021-05-20,283304.541015625,HOLD
2021-05-21,286515.888671875,HOLD
2021-05-24,285153.14453125,HOLD
2021-05-25,288015.91796875,HOLD
2021-05-26,295547.939453125,HOLD
2021-05-27,296604.384765625,HOLD
2021-05-28,297195.9765625,HOLD
2021-05-31,297986.142578125,HOLD
2021-06-01,296587.275390625,HOLD
2021-06-02,294761.40625,HOLD
2021-06-03,297110.546875,HOLD
2021-06-04,296256.30859375,HOLD
2021-06-07,297110.546875,HOLD
2021-06-08,302086.357421875,HOLD
2021-06-09,302588.30078125,HOLD
2021-06-10,304510.29296875,HOLD
2021-06-11,309336.630859375,HOLD
2021-06-14,312518.65234375,HOLD
2021-06-15,315102.724609375,HOLD
2021-06-16,316533.49609375,HOLD
2021-06-17,319672.802734375,HOLD
2021-06-18,321381.220703125,HOLD
2021-06-21,320740.615234375,HOLD
2021-06-22,323207.177734375,HOLD
2021-06-23,321349.228515625,HOLD
2021-06-24,333319.08203125,HOLD
2021-06-25,336522.431640625,HOLD
2021-06-28,336009.94140625,HOLD
2021-06-29,334141.26953125,HOLD
2021-06-30,337931.875,HOLD
2021-07-01,333575.341796875,HOLD
2021-07-02,335155.703125,HOLD
2021-07-05,337536.806640625,HOLD
2021-07-06,333959.775390625,HOLD
2021-07-07,334472.294921875,HOLD
2021-07-08,333650.107421875,HOLD
2021-07-09,334109.248046875,HOLD
2021-07-12,330895.234375,HOLD
2021-07-13,330275.869140625,HOLD
2021-07-14,337099.052734375,HOLD
2021-07-15,337931.875,HOLD
2021-07-16,332518.193359375,HOLD
2021-07-19,329581.826171875,HOLD
2021-07-20,331365.0390625,HOLD
2021-07-22,339939.326171875,HOLD
2021-07-23,339992.705078125,HOLD
2021-07-26,342865.087890625,HOLD
2021-07-27,342576.748046875,HOLD
2021-07-28,343228.134765625,HOLD
2021-07-29,345662.6171875,HOLD
2021-07-30,344274.560546875,HOLD
2021-08-02,348769.9609375,HOLD
2021-08-03,353820.537109375,HOLD
2021-08-04,352549.84375,HOLD
2021-08-05,353468.18359375,HOLD
2021-08-06,352752.724609375,HOLD
2021-08-09,355550.3125,HOLD
2021-08-10,358529.51171875,HOLD
2021-08-11,358593.525390625,HOLD
2021-08-12,361166.875,HOLD
2021-08-13,365993.2421875,HOLD
2021-08-16,364327.5390625,HOLD
2021-08-17,372282.51953125,HOLD
2021-08-18,370531.328125,HOLD
2021-08-20,370424.5703125,HOLD
2021-08-23,371663.212890625,HOLD
2021-08-24,367840.498046875,HOLD
2021-08-25,370979.833984375,HOLD
2021-08-26,369303.408203125,HOLD
2021-08-27,365267.177734375,HOLD
2021-08-30,362971.474609375,HOLD
2021-08-31,364765.29296875,HOLD
2021-09-01,358636.26953125,HOLD
2021-09-02,361060.05859375,HOLD
2021-09-03,363526.6796875,HOLD
2021-09-06,369879.970703125,HOLD
2021-09-07,364808.0078125,HOLD
2021-09-08,361946.40625,HOLD
2021-09-09,361593.994140625,HOLD
2021-09-13,361658.0078125,HOLD
2021-09-14,360430.1171875,HOLD
2021-09-15,365833.10546875,HOLD
2021-09-16,363868.369140625,HOLD
2021-09-17,361529.951171875,HOLD
2021-09-20,360793.1640625,HOLD
2021-09-21,367328.0078125,HOLD
2021-09-22,366997.01171875,HOLD
2021-09-23,372474.736328125,HOLD
2021-09-24,377023.486328125,HOLD
2021-09-27,367904.5703125,HOLD
2021-09-28,360632.96875,HOLD
2021-09-29,361732.802734375,HOLD
2021-09-30,358091.669921875,HOLD
2021-10-01,355945.41015625,HOLD
2021-10-04,358849.755859375,HOLD
2021-10-05,361850.283203125,HOLD
2021-10-06,357739.2578125,HOLD
2021-10-07,361465.849609375,HOLD
2021-10-08,368481.220703125,HOLD
2021-10-11,361455.15625,HOLD
2021-10-12,360216.54296875,HOLD
2021-10-13,365352.51953125,HOLD
2021-10-14,366751.38671875,HOLD
2021-10-18,383067.138671875,HOLD
2021-10-19,389473.80859375,HOLD
2021-10-20,385245.390625,HOLD
2021-10-21,374845.17578125,HOLD
2021-10-22,367616.2890625,HOLD
2021-10-25,365000.25390625,HOLD
2021-10-26,367402.48046875,HOLD
2021-10-27,372842.587890625,HOLD
2021-10-28,367445.546875,HOLD
2021-10-29,359657.119140625,HOLD
2021-11-01,366616.09375,HOLD
2021-11-02,366152.91015625,HOLD
2021-11-03,367143.935546875,HOLD
2021-11-04,368479.755859375,HOLD
2021-11-08,374684.658203125,HOLD
2021-11-09,375761.904296875,HOLD
2021-11-10,375255.595703125,HOLD
2021-11-11,373779.765625,HOLD
2021-11-12,383884.345703125,HOLD
2021-11-15,385381.73828125,HOLD
2021-11-16,386491.298828125,HOLD
2021-11-17,385446.396484375,HOLD
2021-11-18,383711.9921875,HOLD
2021-11-22,379403.037109375,HOLD
2021-11-23,374555.4296875,HOLD
2021-11-24,365743.515625,HOLD
2021-11-25,371431.416015625,HOLD
2021-11-26,364806.30859375,HOLD
2021-11-29,365818.955078125,HOLD
2021-11-30,369330.7421875,HOLD
2021-12-01,369815.546875,HOLD
2021-12-02,377000.751953125,HOLD
2021-12-03,374264.5703125,HOLD
2021-12-06,365592.6953125,HOLD
2021-12-07,369115.380859375,HOLD
2021-12-08,378099.53125,HOLD
2021-12-09,380275.615234375,HOLD
2021-12-10,379370.6640625,HOLD
2021-12-13,376225.146484375,HOLD
2021-12-14,377840.986328125,HOLD
2021-12-15,373973.681640625,HOLD
2021-12-16,382031.46484375,HOLD
2021-12-17,392642.353515625,HOLD
2021-12-20,387913.28125,HOLD
2021-12-21,390649.4921875,HOLD
2021-12-22,393471.865234375,HOLD
2021-12-23,400560.126953125,HOLD
2021-12-24,401831.318359375,HOLD
2021-12-27,402402.255859375,HOLD
2021-12-28,407109.853515625,HOLD
2021-12-29,406582.01171875,HOLD
2021-12-30,408154.7265625,HOLD
2021-12-31,407055.947265625,HOLD
2022-01-03,409361.259765625,HOLD
2022-01-04,409512.080078125,HOLD
2022-01-05,397770.068359375,HOLD
2022-01-06,391985.3125,HOLD
2022-01-07,391231.2109375,HOLD
2022-01-10,399084.296875,HOLD
2022-01-11,400129.287109375,HOLD
2022-01-12,404836.826171875,HOLD
2022-01-13,409005.771484375,HOLD
2022-01-14,416018.623046875,HOLD
2022-01-17,418205.4296875,HOLD
2022-01-18,414165.80078125,HOLD
2022-01-19,402596.11328125,HOLD
2022-01-20,393256.38671875,HOLD
2022-01-21,385069.31640625,HOLD
2022-01-24,374533.8671875,HOLD
2022-01-25,371377.5390625,HOLD
2022-01-27,361994.6875,HOLD
2022-01-28,363632.119140625,HOLD
2022-01-31,374404.580078125,HOLD
2022-02-01,382128.4375,HOLD
2022-02-02,385370.95703125,HOLD
2022-02-03,374910.91796875,HOLD
2022-02-04,375460.29296875,HOLD
2022-02-07,369837.05078125,HOLD
2022-02-08,370332.607421875,HOLD
2022-02-09,374641.591796875,HOLD
2022-02-10,381600.595703125,HOLD
2022-02-11,371205.15625,HOLD
2022-02-14,362770.322265625,HOLD
2022-02-15,374846.2890625,HOLD
2022-02-16,373779.765625,HOLD
2022-02-17,371948.447265625,HOLD
2022-02-18,368102.705078125,HOLD
2022-02-21,373219.609375,HOLD
2022-02-22,374005.966796875,HOLD
2022-02-23,375837.314453125,HOLD
2022-02-24,361897.744140625,HOLD
2022-02-25,365441.93359375,HOLD
2022-02-28,369966.337890625,HOLD
2022-03-02,367208.53515625,HOLD
2022-03-03,371097.431640625,HOLD
2022-03-04,371625.302734375,HOLD
2022-03-07,375190.99609375,HOLD
2022-03-08,383453.4765625,HOLD
2022-03-09,391026.484375,HOLD
2022-03-10,393730.439453125,HOLD
2022-03-11,392890.146484375,HOLD
2022-03-14,407691.513671875,HOLD
2022-03-15,396617.412109375,HOLD
2022-03-16,407411.435546875,HOLD
2022-03-17,399913.779296875,HOLD
2022-03-21,399579.853515625,HOLD
2022-03-22,406980.537109375,HOLD
2022-03-23,403748.828125,HOLD
2022-03-24,406829.74609375,HOLD
2022-03-25,404642.939453125,HOLD
2022-03-28,404072.001953125,HOLD
2022-03-29,406678.8671875,HOLD
2022-03-30,410546.201171875,HOLD
2022-03-31,411171.044921875,HOLD
2022-04-01,410460.09765625,HOLD
2022-04-04,406021.826171875,HOLD
2022-04-05,401314.19921875,HOLD
2022-04-06,394365.947265625,HOLD
2022-04-07,390520.205078125,HOLD
2022-04-08,391295.83984375,HOLD
2022-04-11,380943.466796875,HOLD
2022-04-12,375751.181640625,HOLD
2022-04-13,377065.41015625,HOLD
2022-04-18,349671.015625,HOLD
2022-04-19,336873.291015625,HOLD
2022-04-20,342410.3125,HOLD
2022-04-21,349110.830078125,HOLD
2022-04-22,341925.595703125,HOLD
2022-04-25,336679.404296875,HOLD
2022-04-26,340966.85546875,HOLD
2022-04-27,334891.15234375,HOLD
2022-04-28,341311.533203125,HOLD
2022-04-29,338069.013671875,HOLD
2022-05-02,332348.88671875,HOLD
2022-05-04,331174.697265625,HOLD
2022-05-05,341860.9375,HOLD
2022-05-06,332747.44140625,HOLD
2022-05-09,338672.294921875,HOLD
2022-05-10,334934.27734375,HOLD
2022-05-11,329278.75,HOLD
2022-05-12,325411.416015625,HOLD
2022-05-13,324463.45703125,HOLD
2022-05-16,321167.03125,HOLD
2022-05-17,327490.498046875,HOLD
2022-05-18,325497.548828125,HOLD
2022-05-19,307819.9609375,HOLD
2022-05-20,313852.5390625,HOLD
2022-05-23,316707.2265625,HOLD
2022-05-24,310803.935546875,HOLD
2022-05-25,304221.953125,HOLD
2022-05-26,307130.517578125,HOLD
2022-05-27,315188.30078125,HOLD
2022-05-30,329289.47265625,HOLD
2022-05-31,327721.826171875,HOLD
2022-06-01,322267.65625,HOLD
2022-06-02,328679.833984375,HOLD
2022-06-03,331662.783203125,HOLD
2022-06-06,333480.80078125,HOLD
2022-06-07,328396.796875,HOLD
2022-06-08,326937.958984375,HOLD
2022-06-09,330203.9453125,HOLD
2022-06-10,321886.650390625,HOLD
2022-06-13,310499.3359375,HOLD
2022-06-14,313993.92578125,HOLD
2022-06-15,309998.505859375,HOLD
2022-06-16,304555.205078125,HOLD
2022-06-17,302399.716796875,HOLD
2022-06-20,308245.791015625,HOLD
2022-06-21,316029.70703125,HOLD
2022-06-22,313275.390625,HOLD
2022-06-23,316584.8828125,HOLD
2022-06-24,314113.6328125,HOLD
2022-06-27,321407.6171875,HOLD
2022-06-28,322616.0546875,HOLD
2022-06-29,318936.396484375,HOLD
2022-06-30,318642.490234375,HOLD
2022-07-01,322452.724609375,HOLD
2022-07-04,324325.234375,HOLD
2022-07-05,321701.5234375,HOLD
2022-07-06,325119.912109375,HOLD
2022-07-07,326654.951171875,HOLD
2022-07-08,330084.150390625,HOLD
2022-07-11,321091.943359375,HOLD
2022-07-12,313569.296875,HOLD
2022-07-13,314843.06640625,HOLD
2022-07-14,311446.474609375,HOLD
2022-07-15,311773.046875,HOLD
2022-07-18,324738.90625,HOLD
2022-07-19,323486.9921875,HOLD
2022-07-20,330269.27734375,HOLD
2022-07-21,334101.337890625,HOLD
2022-07-22,328309.697265625,HOLD
2022-07-25,327721.826171875,HOLD
2022-07-26,316301.875,HOLD
2022-07-27,320634.70703125,HOLD
2022-07-28,330726.54296875,HOLD
2022-07-29,337759.19921875,HOLD
2022-08-01,338053.22265625,HOLD
2022-08-02,336431.083984375,HOLD
2022-08-03,341330.01953125,HOLD
2022-08-04,348689.3359375,HOLD
2022-08-05,352336.357421875,HOLD
2022-08-08,352935.09765625,HOLD
2022-08-10,349244.5703125,HOLD
2022-08-11,353054.833984375,HOLD
2022-08-12,347426.494140625,HOLD
2022-08-16,347938.1640625,HOLD
2022-08-17,350071.9140625,HOLD
2022-08-18,344998.779296875,HOLD
2022-08-19,348079.7265625,HOLD
2022-08-22,343409.39453125,HOLD
2022-08-23,336169.78515625,HOLD
2022-08-24,335102.939453125,HOLD
2022-08-25,330889.814453125,HOLD
2022-08-26,331630.146484375,HOLD
2022-08-29,318609.794921875,HOLD
2022-08-30,325402.978515625,HOLD
2022-09-01,319143.232421875,HOLD
2022-09-02,316704.6484375,HOLD
2022-09-05,318511.826171875,HOLD
2022-09-06,317161.884765625,HOLD
2022-09-07,317717.08984375,HOLD
2022-09-08,321690.68359375,HOLD
2022-09-09,329474.599609375,HOLD
2022-09-12,334819.84375,HOLD
2022-09-13,336724.9609375,HOLD
2022-09-14,321581.81640625,HOLD
2022-09-15,312306.484375,HOLD
2022-09-16,300167.96875,HOLD
2022-09-19,303052.890625,HOLD
2022-09-20,302671.884765625,HOLD
2022-09-21,300211.50390625,HOLD
2022-09-22,298186.62109375,HOLD
2022-09-23,297642.255859375,HOLD
2022-09-26,300864.736328125,HOLD
2022-09-27,303760.52734375,HOLD
2022-09-28,304010.95703125,HOLD
2022-09-29,304870.966796875,HOLD
2022-09-30,308093.359375,HOLD
2022-10-03,303804.091796875,HOLD
2022-10-04,311566.181640625,HOLD
2022-10-06,317172.783203125,HOLD
2022-10-07,316312.744140625,HOLD
2022-10-10,318805.791015625,HOLD
2022-10-11,310346.904296875,HOLD
2022-10-12,311413.75,HOLD
2022-10-13,309497.763671875,HOLD
2022-10-14,321331.416015625,HOLD
2022-10-17,324749.8046875,HOLD
2022-10-18,327743.623046875,HOLD
2022-10-19,323770.0,HOLD
2022-10-20,327133.984375,HOLD
2022-10-21,327046.85546875,HOLD
2022-10-24,330824.482421875,HOLD
2022-10-25,332664.326171875,HOLD
2022-10-27,335778.84765625,HOLD
2022-10-28,333423.701171875,HOLD
2022-10-31,338794.404296875,HOLD
2022-11-01,346575.33203125,HOLD
2022-11-02,342239.130859375,HOLD
2022-11-03,337275.654296875,HOLD
2022-11-04,333588.7890625,HOLD
2022-11-07,332147.060546875,HOLD
2022-11-09,332972.44140625,HOLD
2022-11-10,330936.42578125,HOLD
2022-11-11,345937.01171875,HOLD
2022-11-14,349282.685546875,HOLD
2022-11-15,351197.6171875,HOLD
2022-11-16,353134.609375,HOLD
2022-11-17,349744.90234375,HOLD
2022-11-18,351065.576171875,HOLD
2022-11-21,345518.76953125,HOLD
2022-11-22,349227.63671875,HOLD
2022-11-23,348809.423828125,HOLD
2022-11-24,359077.626953125,HOLD
2022-11-25,360365.224609375,HOLD
2022-11-28,357668.857421875,HOLD
2022-11-29,358912.509765625,HOLD
2022-11-30,360211.181640625,HOLD
2022-12-01,365086.591796875,HOLD
2022-12-02,360860.517578125,HOLD
2022-12-05,361267.685546875,HOLD
2022-12-06,355357.71484375,HOLD
2022-12-07,353728.92578125,HOLD
2022-12-08,356953.515625,HOLD
2022-12-09,345760.9375,HOLD
2022-12-12,340896.42578125,HOLD
2022-12-13,346388.212890625,HOLD
2022-12-14,347984.013671875,HOLD
2022-12-15,339421.73828125,HOLD
2022-12-16,335393.681640625,HOLD
2022-12-19,332125.029296875,HOLD
2022-12-20,332114.072265625,HOLD
2022-12-21,332609.3359375,HOLD
2022-12-22,335360.693359375,HOLD
2022-12-23,329868.90625,HOLD
2022-12-26,331035.5078125,HOLD
2022-12-27,333775.849609375,HOLD
2022-12-28,332741.376953125,HOLD
2022-12-29,334370.1953125,HOLD
2022-12-30,332312.1484375,HOLD
2023-01-02,335789.892578125,HOLD
2023-01-03,335470.732421875,HOLD
2023-01-04,329362.65625,HOLD
2023-01-05,325048.486328125,HOLD
2023-01-06,319171.5625,HOLD
2023-01-09,327084.53125,HOLD
2023-01-10,323848.896484375,HOLD
2023-01-11,324179.04296875,HOLD
2023-01-12,326237.060546875,HOLD
2023-01-13,331310.634765625,HOLD
2023-01-16,336120.068359375,HOLD
2023-01-17,339201.6015625,HOLD
2023-01-18,340500.2734375,HOLD
2023-01-19,339069.560546875,HOLD
2023-01-20,336131.0546875,HOLD
2023-01-23,341072.55859375,HOLD
2023-01-24,341930.95703125,HOLD
2023-01-25,339971.9921875,HOLD
2023-01-27,334722.373046875,HOLD
2023-01-30,339047.529296875,HOLD
2023-01-31,337935.947265625,HOLD
2023-02-01,341754.8828125,HOLD
2023-02-02,348941.494140625,HOLD
2023-02-03,352386.220703125,HOLD
2023-02-06,345881.9921875,HOLD
2023-02-07,344242.099609375,HOLD
2023-02-08,350427.255859375,HOLD
2023-02-09,356260.17578125,HOLD
2023-02-10,354400.205078125,HOLD
2023-02-13,345353.681640625,HOLD
2023-02-14,351032.55859375,HOLD
2023-02-15,351869.013671875,HOLD
2023-02-16,352914.47265625,HOLD
2023-02-17,348952.509765625,HOLD
2023-02-20,350856.455078125,HOLD
2023-02-21,348005.986328125,HOLD
2023-02-22,344110.087890625,HOLD
2023-02-23,341666.845703125,HOLD
2023-02-24,341655.830078125,HOLD
2023-02-27,332554.228515625,HOLD
2023-02-28,327766.85546875,HOLD
2023-03-01,329637.841796875,HOLD
2023-03-02,324377.177734375,HOLD
2023-03-03,325950.947265625,HOLD
2023-03-06,332147.060546875,HOLD
2023-03-08,328900.41015625,HOLD
2023-03-09,326193.115234375,HOLD
2023-03-10,324245.078125,HOLD
2023-03-13,316222.041015625,HOLD
2023-03-14,312898.33984375,HOLD
2023-03-15,312821.34765625,HOLD
2023-03-16,309398.59375,HOLD
2023-03-17,313052.470703125,HOLD
2023-03-20,309299.599609375,HOLD
2023-03-21,306449.16015625,HOLD
2023-03-22,306130.029296875,HOLD
2023-03-23,302894.365234375,HOLD
2023-03-24,304237.01171875,HOLD
2023-03-27,306063.96484375,HOLD
2023-03-28,303565.732421875,HOLD
2023-03-29,304875.361328125,HOLD
2023-03-31,314648.271484375,HOLD
2023-04-03,310884.35546875,HOLD
2023-04-05,313679.775390625,HOLD
2023-04-06,313316.58203125,HOLD
2023-04-10,314571.25,HOLD
2023-04-11,309849.8828125,HOLD
2023-04-12,314725.322265625,HOLD
2023-04-13,306118.955078125,HOLD
2023-04-17,277306.533203125,HOLD
2023-04-18,277537.59765625,HOLD
2023-04-19,271561.62109375,HOLD
2023-04-20,269624.658203125,HOLD
2023-04-21,270494.1015625,HOLD
2023-04-24,270263.0078125,HOLD
2023-04-25,269954.775390625,HOLD
2023-04-26,270538.134765625,HOLD
2023-04-27,274654.169921875,HOLD
2023-04-28,276084.912109375,HOLD
2023-05-02,281521.62109375,HOLD
2023-05-03,279694.7265625,HOLD
2023-05-04,280663.193359375,HOLD
2023-05-05,277482.578125,HOLD
2023-05-08,278913.3203125,HOLD
2023-05-09,280035.859375,HOLD
2023-05-10,278396.083984375,HOLD
2023-05-11,276822.314453125,HOLD
2023-05-12,274423.046875,HOLD
2023-05-15,277317.51953125,HOLD
2023-05-16,278627.1484375,HOLD
2023-05-17,274797.2265625,HOLD
2023-05-18,274599.1796875,HOLD
2023-05-19,279639.677734375,HOLD
2023-05-22,284900.341796875,HOLD
2023-05-23,286496.11328125,HOLD
2023-05-24,286187.96875,HOLD
2023-05-25,287442.63671875,HOLD
2023-05-26,290326.064453125,HOLD
2023-05-29,289654.697265625,HOLD
2023-05-30,291734.74609375,HOLD
2023-05-31,290513.154296875,HOLD
2023-06-01,290777.294921875,HOLD
2023-06-02,290108.095703125,HOLD
2023-06-05,291334.9609375,HOLD
2023-06-06,285646.708984375,HOLD
2023-06-07,287866.240234375,HOLD
2023-06-08,286494.384765625,HOLD
2023-06-09,282735.625,HOLD
2023-06-12,288535.46875,HOLD
2023-06-13,291413.06640625,HOLD
2023-06-14,290420.400390625,HOLD
2023-06-15,287386.650390625,HOLD
2023-06-16,288468.49609375,HOLD
2023-06-19,288992.763671875,HOLD
2023-06-20,291089.5703125,HOLD
2023-06-21,290186.171875,HOLD
2023-06-22,286215.537109375,HOLD
2023-06-23,282523.720703125,HOLD
2023-06-26,283717.12890625,HOLD
2023-06-27,285680.166015625,HOLD
2023-06-28,288847.744140625,HOLD
2023-06-30,298250.107421875,HOLD
2023-07-03,297848.564453125,HOLD
2023-07-04,300402.75390625,HOLD
2023-07-05,300882.34375,HOLD
2023-07-06,300123.876953125,HOLD
2023-07-07,297067.83203125,HOLD
2023-07-10,296833.6328125,HOLD
2023-07-11,301172.32421875,HOLD
2023-07-12,297759.35546875,HOLD
2023-07-13,304852.94921875,HOLD
2023-07-14,318426.689453125,HOLD
2023-07-17,317757.4609375,HOLD
2023-07-18,329412.841796875,HOLD
2023-07-19,329357.08984375,HOLD
2023-07-20,323679.970703125,HOLD
2023-07-21,297380.13671875,HOLD
2023-07-24,298495.46875,HOLD
2023-07-25,298049.306640625,HOLD
2023-07-26,301228.076171875,HOLD
2023-07-27,302187.255859375,HOLD
2023-07-28,299365.439453125,HOLD
2023-07-31,302756.083984375,HOLD
2023-08-01,304875.244140625,HOLD
2023-08-02,303012.607421875,HOLD
2023-08-03,304674.501953125,HOLD
2023-08-04,307808.59375,HOLD
2023-08-07,311076.572265625,HOLD
2023-08-08,310451.9921875,HOLD
2023-08-09,311388.876953125,HOLD
2023-08-10,310206.572265625,HOLD
2023-08-11,306358.6328125,HOLD
2023-08-14,311199.267578125,HOLD
2023-08-16,316764.82421875,HOLD
2023-08-17,315214.521484375,HOLD
2023-08-18,310139.716796875,HOLD
2023-08-21,313842.63671875,HOLD
2023-08-22,313474.580078125,HOLD
2023-08-23,314411.435546875,HOLD
2023-08-24,317902.421875,HOLD
2023-08-25,317121.71875,HOLD
2023-08-28,316129.111328125,HOLD
2023-08-29,316575.244140625,HOLD
2023-08-30,320478.90625,HOLD
2023-08-31,320545.849609375,HOLD
2023-09-01,322419.6484375,HOLD
2023-09-04,327159.82421875,HOLD
2023-09-05,330238.22265625,HOLD
2023-09-06,329914.7265625,HOLD
2023-09-07,327405.185546875,HOLD
2023-09-08,328163.65234375,HOLD
2023-09-11,329691.66015625,HOLD
2023-09-12,335190.33203125,HOLD
2023-09-13,334576.884765625,HOLD
2023-09-14,336495.2734375,HOLD
2023-09-15,337532.587890625,HOLD
2023-09-18,333115.791015625,HOLD
2023-09-20,332770.029296875,HOLD
2023-09-21,335335.322265625,HOLD
2023-09-22,334086.1328125,HOLD
2023-09-25,329178.61328125,HOLD
2023-09-26,326167.216796875,HOLD
2023-09-27,327583.662109375,HOLD
2023-09-28,321438.14453125,HOLD
2023-09-29,320545.849609375,HOLD
2023-10-03,320222.3828125,HOLD
2023-10-04,322531.15234375,HOLD
2023-10-05,326791.796875,HOLD
2023-10-06,330193.57421875,HOLD
2023-10-09,329468.59375,HOLD
2023-10-10,333863.095703125,HOLD
2023-10-11,333695.810546875,HOLD
2023-10-12,327249.091796875,HOLD
2023-10-13,319586.640625,HOLD
2023-10-16,320255.8984375,HOLD
2023-10-17,322107.34375,HOLD
2023-10-18,321683.53515625,HOLD
2023-10-19,320144.3359375,HOLD
2023-10-20,318716.69921875,HOLD
2023-10-23,314567.587890625,HOLD
2023-10-25,309912.900390625,HOLD
2023-10-26,307517.763671875,HOLD
2023-10-27,312240.244140625,HOLD
2023-10-30,311494.580078125,HOLD
2023-10-31,309540.0390625,HOLD
2023-11-01,306320.1953125,HOLD
2023-11-02,309935.48828125,HOLD
2023-11-03,314206.064453125,HOLD
2023-11-06,317425.966796875,HOLD
2023-11-07,317651.904296875,HOLD
2023-11-08,314646.66015625,HOLD
2023-11-09,310986.19140625,HOLD
2023-11-10,309641.69921875,HOLD
2023-11-13,310703.740234375,HOLD
2023-11-15,319052.822265625,HOLD
2023-11-16,326825.72265625,HOLD
2023-11-17,325164.970703125,HOLD
2023-11-20,324950.283203125,HOLD
2023-11-21,325492.568359375,HOLD
2023-11-22,329740.556640625,HOLD
2023-11-23,327808.6328125,HOLD
2023-11-24,325131.07421875,HOLD
2023-11-28,326328.61328125,HOLD
2023-11-29,330147.255859375,HOLD
2023-11-30,329141.787109375,HOLD
2023-12-01,328497.8125,HOLD
2023-12-04,331220.546875,HOLD
2023-12-05,328870.615234375,HOLD
2023-12-06,333468.876953125,HOLD
2023-12-07,331570.8203125,HOLD
2023-12-08,337276.2109375,HOLD
2023-12-11,336677.3828125,HOLD
2023-12-12,333864.267578125,HOLD
2023-12-13,327752.1484375,HOLD
2023-12-14,339603.5546875,HOLD
2023-12-15,356990.8984375,HOLD
2023-12-18,353816.201171875,HOLD
2023-12-19,352449.1796875,HOLD
2023-12-20,347500.732421875,HOLD
2023-12-21,347410.380859375,HOLD
2023-12-22,353488.603515625,HOLD
2023-12-26,349206.71875,HOLD
2023-12-27,354437.587890625,HOLD
2023-12-28,353432.08984375,HOLD
2023-12-29,348969.443359375,HOLD
2024-01-01,350878.779296875,HOLD
2024-01-02,347048.798828125,HOLD
2024-01-03,337016.34765625,HOLD
2024-01-04,342145.556640625,HOLD
2024-01-05,346630.8203125,HOLD
2024-01-08,344427.724609375,HOLD
2024-01-09,345896.435546875,HOLD
2024-01-10,343772.470703125,HOLD
2024-01-11,337965.390625,HOLD
2024-01-12,364752.51953125,HOLD
2024-01-15,373643.857421875,HOLD
2024-01-16,369000.5078125,HOLD
2024-01-17,370954.990234375,HOLD
2024-01-18,371497.3046875,HOLD
2024-01-19,375248.154296875,HOLD
2024-01-23,371395.615234375,HOLD
2024-01-24,378908.65234375,HOLD
2024-01-25,377485.146484375,HOLD
2024-01-29,374660.693359375,HOLD
2024-01-30,373496.9921875,HOLD
2024-01-31,375632.294921875,HOLD
2024-02-01,374762.412109375,HOLD
2024-02-02,382964.599609375,HOLD
2024-02-05,381574.931640625,HOLD
2024-02-06,391121.611328125,HOLD
2024-02-07,383054.98046875,HOLD
2024-02-08,382682.1484375,HOLD
2024-02-09,377541.630859375,HOLD
2024-02-12,379970.6640625,HOLD
2024-02-13,380976.19140625,HOLD
2024-02-14,376829.86328125,HOLD
2024-02-15,379123.33984375,HOLD
2024-02-16,384840.0390625,HOLD
2024-02-19,384410.72265625,HOLD
2024-02-20,381134.306640625,HOLD
2024-02-21,374423.447265625,HOLD
2024-02-22,380253.115234375,HOLD
2024-02-23,379236.30859375,HOLD
2024-02-26,375462.841796875,HOLD
2024-02-27,376242.373046875,HOLD
2024-02-28,377970.9765625,HOLD
2024-02-29,378569.74609375,HOLD
2024-03-01,374231.34765625,HOLD
2024-03-04,370277.119140625,HOLD
2024-03-05,363340.263671875,HOLD
2024-03-06,365837.08984375,HOLD
2024-03-07,365588.53515625,HOLD
2024-03-11,362007.138671875,HOLD
2024-03-12,364797.666015625,HOLD
2024-03-13,364447.451171875,HOLD
2024-03-14,373915.05859375,HOLD
2024-03-15,369554.1015625,HOLD
2024-03-18,362470.3515625,HOLD
2024-03-19,353160.947265625,HOLD
2024-03-20,351692.236328125,HOLD
2024-03-21,351635.72265625,HOLD
2024-03-22,341275.615234375,HOLD
2024-03-26,337615.17578125,HOLD
2024-03-27,335626.708984375,HOLD
2024-03-28,338835.302734375,HOLD
2024-04-01,338247.8125,HOLD
2024-04-02,335400.771484375,HOLD
2024-04-03,334903.662109375,HOLD
2024-04-04,336270.68359375,HOLD
2024-04-05,334553.447265625,HOLD
2024-04-08,334011.103515625,HOLD
2024-04-09,338112.255859375,HOLD
2024-04-10,340812.431640625,HOLD
2024-04-12,335830.087890625,HOLD
2024-04-15,332079.208984375,HOLD
2024-04-16,319945.322265625,HOLD
2024-04-18,321029.951171875,HOLD
2024-04-19,319222.275390625,HOLD
2024-04-22,324080.37109375,HOLD
2024-04-23,326260.8203125,HOLD
2024-04-24,323628.466796875,HOLD
2024-04-25,325368.26171875,HOLD
2024-04-26,323515.439453125,HOLD
2024-04-29,324532.275390625,HOLD
2024-04-30,321323.7109375,HOLD
2024-05-02,319945.322265625,HOLD
2024-05-03,320363.388671875,HOLD
2024-05-06,322532.55859375,HOLD
2024-05-07,325933.193359375,HOLD
2024-05-08,322848.935546875,HOLD
2024-05-09,325616.875,HOLD
2024-05-10,322306.5625,HOLD
2024-05-13,321978.935546875,HOLD
2024-05-14,322261.38671875,HOLD
2024-05-15,321188.095703125,HOLD
2024-05-16,328735.05859375,HOLD
2024-05-17,326690.166015625,HOLD
2024-05-21,324396.71875,HOLD
2024-05-22,329062.744140625,HOLD
2024-05-23,333039.53125,HOLD
2024-05-24,331390.029296875,HOLD
2024-05-27,332802.255859375,HOLD
2024-05-28,331830.68359375,HOLD
2024-05-29,328192.7734375,HOLD
2024-05-30,322882.7734375,HOLD
2024-05-31,324599.833984375,HOLD
2024-06-03,324369.384765625,HOLD
2024-06-04,321546.015625,HOLD
2024-06-05,329946.89453125,HOLD
2024-06-06,339661.533203125,HOLD
2024-06-07,353801.318359375,HOLD
2024-06-10,345999.677734375,HOLD
2024-06-11,345077.734375,HOLD
2024-06-12,342646.2109375,HOLD
2024-06-13,344662.890625,HOLD
2024-06-14,343498.984375,HOLD
2024-06-18,345642.40234375,HOLD
2024-06-19,348673.193359375,HOLD
2024-06-20,349606.62109375,HOLD
2024-06-21,353593.896484375,HOLD
2024-06-24,352314.736328125,HOLD
2024-06-25,355725.771484375,HOLD
2024-06-26,355437.6953125,HOLD
2024-06-27,362962.7734375,HOLD
2024-06-28,361441.650390625,HOLD
2024-07-01,366984.619140625,HOLD
2024-07-02,373956.572265625,HOLD
2024-07-03,375420.09765625,HOLD
2024-07-04,380778.671875,HOLD
2024-07-05,380041.15234375,HOLD
2024-07-08,383313.935546875,HOLD
2024-07-09,382276.767578125,HOLD
2024-07-10,380225.546875,HOLD
2024-07-11,381251.171875,HOLD
2024-07-12,394860.830078125,HOLD
2024-07-15,393777.578125,HOLD
2024-07-16,398156.669921875,HOLD
2024-07-18,405531.953125,HOLD
2024-07-19,413575.5859375,HOLD
2024-07-22,417701.142578125,HOLD
2024-07-23,423705.068359375,HOLD
2024-07-24,423025.146484375,HOLD
2024-07-25,420927.841796875,HOLD
2024-07-26,433385.107421875,HOLD
2024-07-29,431587.392578125,HOLD
2024-07-30,432981.77734374994,HOLD
2024-07-31,430930.52734375,HOLD
2024-08-01,427323.583984375,HOLD
2024-08-02,420086.552734375,HOLD
2024-08-05,404114.51171875,HOLD
2024-08-06,403930.146484375,HOLD
2024-08-07,413275.99609375,HOLD
2024-08-08,402097.83203125,HOLD
2024-08-09,408458.974609375,HOLD
2024-08-12,414601.2109375,HOLD
2024-08-13,414612.724609375,HOLD
2024-08-14,420559.08203125,HOLD
2024-08-16,428787.080078125,HOLD
2024-08-19,430135.41015625,HOLD
2024-08-20,431840.8984375,HOLD
2024-08-21,431956.123046875,HOLD
2024-08-22,433696.26953125,HOLD
2024-08-23,429513.0859375,HOLD
2024-08-26,432751.298828125,HOLD
2024-08-27,438271.240234375,HOLD
2024-08-28,447259.84375,HOLD
2024-08-29,445934.599609375,HOLD
2024-08-30,448320.0390625,HOLD
2024-09-02,453113.974609375,HOLD
2024-09-03,447755.400390625,HOLD
2024-09-04,443422.392578125,HOLD
2024-09-05,445888.515625,HOLD
2024-09-06,438674.5703125,HOLD
2024-09-09,437015.13671874994,HOLD
2024-09-10,441083.06640625,HOLD
2024-09-11,440587.5390625,HOLD
2024-09-12,449875.76171874994,HOLD
2024-09-13,448412.236328125,HOLD
2024-09-16,449829.677734375,HOLD
2024-09-17,450359.775390625,HOLD
2024-09-18,436438.92578125,HOLD
2024-09-19,436911.42578125,HOLD
2024-09-20,439573.45703125,HOLD
2024-09-23,437429.98046874994,HOLD
2024-09-24,437925.5078125,HOLD
2024-09-25,437164.9609375,HOLD
2024-09-26,438305.83984374994,HOLD
2024-09-27,439803.90625,HOLD
2024-09-30,432624.560546875,HOLD
2024-10-01,439250.751953125,HOLD
2024-10-03,436727.03125,HOLD
2024-10-04,442431.337890625,HOLD
2024-10-07,446153.564453125,HOLD
2024-10-08,449437.861328125,HOLD
2024-10-09,450405.859375,HOLD
2024-10-10,442627.275390625,HOLD
2024-10-11,446337.958984375,HOLD
2024-10-14,451823.30078125,HOLD
2024-10-15,451915.498046875,HOLD
2024-10-16,442880.810546875,HOLD
2024-10-17,453943.69140625,HOLD
2024-10-18,433546.4453125,HOLD
2024-10-21,427358.125,HOLD
2024-10-22,427093.046875,HOLD
2024-10-23,432117.51953125,HOLD
2024-10-24,429801.19140625,HOLD
2024-10-25,429501.6015625,HOLD
2024-10-28,430262.177734375,HOLD
2024-10-29,429085.0,HOLD
2024-10-30,420413.623046875,HOLD
2024-10-31,409959.033203125,HOLD
2024-11-01,410798.154296875,HOLD
2024-11-04,411450.859375,HOLD
2024-11-05,409248.02734375,HOLD
2024-11-06,425448.61328125,HOLD
2024-11-07,420635.078125,HOLD
2024-11-08,426905.48828125,HOLD
2024-11-11,433933.486328125,HOLD
2024-11-12,435961.474609375,HOLD
2024-11-13,435868.251953125,HOLD
2024-11-14,434970.80078125,HOLD
2024-11-18,422593.10546875,HOLD
2024-11-19,425693.359375,HOLD
2024-11-21,427861.2109375,HOLD
2024-11-22,443758.720703125,HOLD
2024-11-25,440833.310546875,HOLD
2024-11-26,448863.642578125,HOLD
2024-11-27,448945.234375,HOLD
2024-11-28,433129.287109375,HOLD
2024-11-29,433409.013671875,HOLD
2024-12-02,438525.625,HOLD
2024-12-03,441392.734375,HOLD
2024-12-04,440728.3984375,HOLD
2024-12-05,451357.83203125,HOLD
2024-12-06,448455.7421875,HOLD
2024-12-09,448747.099609375,HOLD
2024-12-10,454551.337890625,HOLD
2024-12-11,460518.73046874994,HOLD
2024-12-12,463514.072265625,HOLD
2024-12-13,466474.462890625,HOLD
2024-12-16,461894.04296874994,HOLD
2024-12-17,461089.84375,HOLD
2024-12-18,461684.248046875,HOLD
2024-12-19,454003.544921875,HOLD
2024-12-20,448397.44140625,HOLD
2024-12-23,448898.623046875,HOLD
2024-12-24,445343.828125,HOLD
2024-12-26,444959.21875,HOLD
2024-12-27,447138.701171875,HOLD
2024-12-30,444632.8515625,HOLD
2024-12-31,438572.20703125,HOLD
2025-01-01,439154.98046874994,HOLD
2025-01-02,456719.189453125,HOLD
2025-01-03,452266.943359375,HOLD
2025-01-06,452057.1484375,HOLD
2025-01-07,450425.4296875,HOLD
2025-01-08,450961.5625,HOLD
2025-01-09,447266.93359374994,HOLD
2025-01-10,458840.37109374994,HOLD
2025-01-13,457733.154296875,HOLD
2025-01-14,452569.990234375,HOLD
2025-01-15,454807.744140625,HOLD
2025-01-16,449865.9765625,HOLD
2025-01-17,423525.5078125,HOLD
2025-01-20,423024.384765625,HOLD
2025-01-21,420087.255859375,HOLD
2025-01-22,433082.67578125,HOLD
2025-01-23,435180.56640625,HOLD
2025-01-24,437511.6015625,HOLD
2025-01-27,425052.34375,HOLD
2025-01-28,426858.876953125,HOLD
2025-01-29,438863.59375,HOLD
2025-01-30,433898.505859375,HOLD
2025-01-31,438525.625,HOLD
2025-02-01,431893.8671875,HOLD
2025-02-03,434679.443359375,HOLD
2025-02-04,442954.55078125,HOLD
2025-02-05,442546.591796875,HOLD
2025-02-06,446882.294921875,HOLD
2025-02-07,444085.05859374994,HOLD
2025-02-10,438642.16796874994,HOLD
2025-02-11,437558.2421875,HOLD
2025-02-12,434644.4921875,HOLD
2025-02-13,430005.771484375,HOLD
2025-02-14,433071.044921875,HOLD
2025-02-17,429784.287109375,HOLD
2025-02-18,432033.73046875,HOLD
2025-02-19,422441.611328125,HOLD
2025-02-20,425786.611328125,HOLD
2025-02-21,423420.625,HOLD
2025-02-24,411555.7421875,HOLD
2025-02-25,412394.921875,HOLD
2025-02-27,411602.3828125,HOLD
2025-02-28,393746.787109375,HOLD
2025-03-03,398618.623046875,HOLD
2025-03-04,393886.6796875,HOLD
2025-03-05,399294.619140625,HOLD
2025-03-06,400308.61328125,HOLD
2025-03-07,393350.517578125,HOLD
2025-03-10,396951.923828125,HOLD
2025-03-11,387662.822265625,HOLD
2025-03-12,371170.908203125,HOLD
2025-03-13,368606.787109375,HOLD
2025-03-17,370984.462890625,HOLD
2025-03-18,370984.462890625,HOLD
2025-03-19,370168.603515625,HOLD
2025-03-20,376928.564453125,HOLD
2025-03-21,371567.20703125,HOLD
2025-03-24,371613.818359375,HOLD
2025-03-25,379935.5078125,HOLD
2025-03-26,373175.60546875,HOLD
2025-03-27,374131.328125,HOLD
2025-03-28,366462.28515625,HOLD
2025-04-01,356170.8203125,HOLD
2025-04-02,361683.701171875,HOLD
2025-04-03,349177.7734375,HOLD
2025-04-04,338723.18359375,HOLD
2025-04-07,325925.927734375,HOLD
2025-04-08,333396.8359375,HOLD
2025-04-09,327545.95703125,HOLD
2025-04-11,328886.318359375,HOLD
2025-04-15,332744.130859375,HOLD
2025-04-16,329737.12890625,HOLD
2025-04-17,331228.955078125,HOLD
2025-04-21,338571.689453125,HOLD
2025-04-22,331998.232421875,HOLD
2025-04-23,344142.783203125,HOLD
2025-04-24,343326.953125,HOLD
2025-04-25,345378.232421875,HOLD
2025-04-28,345821.11328125,HOLD
2025-04-29,349410.91796875,HOLD
2025-04-30,350016.953125,HOLD
2025-05-02,351602.060546875,HOLD
2025-05-05,351998.330078125,HOLD
2025-05-06,352674.296875,HOLD
2025-05-07,351928.3984375,HOLD
2025-05-08,352651.03515625,HOLD
2025-05-09,351765.21484375,HOLD
2025-05-12,379574.248046875,HOLD
2025-05-13,365984.39453125,HOLD
2025-05-14,371532.2265625,HOLD
2025-05-15,376334.1015625,HOLD
2025-05-16,370949.482421875,HOLD
2025-05-19,363933.115234375,HOLD
2025-05-20,364119.58984375,HOLD
2025-05-21,365961.103515625,HOLD
2025-05-22,361065.947265625,HOLD
2025-05-23,365098.6328125,HOLD
2025-05-26,368758.310546875,HOLD
2025-05-27,366334.08203125,HOLD
2025-05-28,366730.3515625,HOLD
2025-05-29,369947.1484375,HOLD
2025-05-30,369734.39453125,HOLD
2025-06-02,367630.615234375,HOLD
2025-06-03,365077.685546875,HOLD
2025-06-04,367015.99609375,HOLD
2025-06-05,367748.798828125,HOLD
2025-06-06,369994.43359375,HOLD
2025-06-09,372145.498046875,HOLD
2025-06-10,377605.908203125,HOLD
2025-06-11,385902.87109375,HOLD
2025-06-12,380584.287109375,HOLD
2025-06-13,379024.169921875,HOLD
2025-06-16,384177.314453125,HOLD
2025-06-17,387983.037109375,HOLD
2025-06-18,386328.37890625,HOLD
2025-06-19,382900.849609375,HOLD
2025-06-20,383964.560546875,HOLD
2025-06-23,374769.326171875,HOLD
2025-06-24,374201.9921875,HOLD
2025-06-25,382073.505859375,HOLD
2025-06-26,382333.515625,HOLD
2025-06-27,380442.4609375,HOLD
2025-06-30,378976.9140625,HOLD
2025-07-01,380158.837890625,HOLD
2025-07-02,381033.4375,HOLD
2025-07-03,382971.748046875,HOLD
2025-07-04,388172.119140625,HOLD
2025-07-07,384933.73046875,HOLD
2025-07-08,387699.35546875,HOLD
2025-07-09,386517.4609375,HOLD
2025-07-10,382286.259765625,HOLD
2025-07-11,377345.869140625,HOLD
2025-07-14,371530.908203125,HOLD
2025-07-15,375147.51953125,HOLD
2025-07-16,380418.84765625,HOLD
2025-07-17,374651.142578125,HOLD
2025-07-18,375265.703125,HOLD
2025-07-21,374840.25390625,HOLD
2025-07-22,371672.734375,HOLD
2025-07-23,372523.69140625,HOLD
2025-07-24,367323.3203125,HOLD
2025-07-25,358624.462890625,HOLD
2025-07-28,358695.390625,HOLD
2025-07-29,358151.69921875,HOLD
2025-07-30,359404.55078125,HOLD
2025-07-31,357040.732421875,HOLD
2025-08-01,347727.28515625,HOLD
2025-08-04,350303.857421875,HOLD
2025-08-05,345528.96484375,HOLD
2025-08-06,339950.341796875,HOLD
2025-08-07,339997.626953125,HOLD
2025-08-08,336735.56640625,HOLD
2025-08-11,337941.103515625,HOLD
2025-08-12,336971.962890625,HOLD
2025-08-13,337562.91015625,HOLD
2025-08-14,342550.52734375,HOLD
2025-08-18,339737.6171875,HOLD
2025-08-19,340730.4296875,HOLD
2025-08-20,354015.0390625,HOLD
2025-08-21,354062.32421875,HOLD
2025-08-22,351958.515625,HOLD
2025-08-25,362501.11328125,HOLD
2025-08-26,361910.166015625,HOLD
2025-08-28,354936.923828125,HOLD
2025-08-29,347727.28515625,HOLD
2025-09-01,354771.484375,HOLD
2025-09-02,354605.986328125,HOLD
2025-09-03,349972.919921875,HOLD
2025-09-04,346167.197265625,HOLD
2025-09-05,341817.75390625,HOLD
2025-09-08,339052.12890625,HOLD
2025-09-09,355929.736328125,HOLD
2025-09-10,362619.326171875,HOLD
2025-09-11,357206.171875,HOLD
2025-09-12,360964.638671875,HOLD
2025-09-15,356898.90625,HOLD
2025-09-16,357584.423828125,HOLD
2025-09-17,360208.251953125,HOLD
2025-09-18,364510.380859375,HOLD
2025-09-19,364415.810546875,HOLD
2025-09-22,354795.09765625,HOLD
2025-09-23,354322.333984375,HOLD
2025-09-24,353636.81640625,HOLD
2025-09-25,351320.3125,HOLD
2025-09-26,342834.208984375,HOLD
2025-09-29,341155.908203125,HOLD
2025-09-30,341155.908203125,HOLD
2025-10-01,342101.435546875,HOLD
2025-10-03,342290.517578125,HOLD
2025-10-06,349240.146484375,HOLD
2025-10-07,345103.45703125,HOLD
2025-10-08,353731.38671875,HOLD
2025-10-09,357111.66015625,HOLD
2025-10-10,358435.380859375,HOLD
2025-10-13,353305.87890625,HOLD
2025-10-14,352525.849609375,HOLD
2025-10-15,348861.953125,HOLD
2025-10-16,348176.435546875,HOLD
2025-10-17,340990.439453125,HOLD
2025-10-20,345670.791015625,HOLD
2025-10-21,348389.189453125,HOLD
2025-10-23,361650.15625,HOLD
2025-10-24,360917.3828125,HOLD
2025-10-27,361421.376953125,HOLD
2025-10-28,360389.365234375,HOLD
2025-10-29,362837.3828125,HOLD
2025-10-30,358853.388671875,HOLD
2025-10-31,356093.388671875,HOLD
2025-11-03,356861.376953125,HOLD
2025-11-04,352637.3828125,HOLD
2025-11-06,352349.365234375,HOLD
2025-11-07,354773.388671875,HOLD
2025-11-10,363581.376953125,HOLD
2025-11-11,367613.388671875,HOLD
2025-11-12,372749.365234375,HOLD
2025-11-13,370373.388671875,HOLD
2025-11-14,361013.388671875,HOLD
2025-11-17,362165.37109375,HOLD
2025-11-18,357077.3828125,HOLD
2025-11-19,370205.37109375,HOLD
2025-11-20,369101.376953125,HOLD
2025-11-21,371141.376953125,HOLD
2025-11-24,371861.376953125,HOLD
2025-11-25,367685.37109375,HOLD
2025-11-26,374237.3828125,HOLD
2025-11-27,376277.3828125,HOLD
2025-11-28,374765.37109375,HOLD
2025-12-01,375701.376953125,HOLD
2025-12-02,374981.376953125,HOLD
2025-12-03,379229.365234375,HOLD
2025-12-04,383765.37109375,HOLD
2025-12-05,388229.365234375,HOLD
2025-12-08,386933.388671875,HOLD
2025-12-09,384101.376953125,HOLD
2025-12-10,380693.388671875,HOLD
2025-12-11,383861.376953125,HOLD
2025-12-12,383909.365234375,HOLD
2025-12-15,385973.388671875,HOLD
2025-12-16,382637.3828125,HOLD
2025-12-17,384821.376953125,HOLD
2025-12-18,390773.388671875,HOLD
2025-12-19,393629.365234375,HOLD
2025-12-22,405845.37109375,HOLD
2025-12-23,400733.388671875,HOLD
2025-12-24,399557.3828125,HOLD
2025-12-26,397805.37109375,HOLD
2025-12-29,395069.365234375,HOLD
2025-12-30,389525.37109375,HOLD
2025-12-31,388037.3828125,HOLD
2026-01-01,391493.388671875,HOLD
2026-01-02,394037.3828125,HOLD
2026-01-05,385877.3828125,HOLD
2026-01-06,387269.365234375,HOLD
2026-01-07,393701.376953125,HOLD
2026-01-08,387533.388671875,HOLD
2026-01-09,387725.37109375,HOLD
2026-01-12,383357.3828125,HOLD
2026-01-13,384101.376953125,HOLD
2026-01-14,384293.388671875,HOLD
2026-01-15,384293.388671875,HOLD
2026-01-16,405893.388671875,HOLD
2026-01-19,403829.365234375,HOLD
2026-01-20,398477.3828125,HOLD
2026-01-21,397397.3828125,HOLD
2026-01-22,399581.376953125,HOLD
2026-01-23,401333.388671875,HOLD
2026-01-27,404189.365234375,HOLD
2026-01-28,400301.376953125,HOLD
2026-01-29,398621.376953125,HOLD
2026-01-30,394181.376953125,HOLD
2026-02-02,391397.3828125,HOLD
2026-02-03,397781.376953125,HOLD
2026-02-04,368933.388671875,HOLD
2026-02-05,365189.365234375,HOLD
2026-02-06,362045.37109375,HOLD
2026-02-09,359669.365234375,HOLD
2026-02-10,359813.388671875,HOLD
2026-02-11,353597.3828125,HOLD
2026-02-12,332981.376953125,HOLD
2026-02-13,328925.37109375,HOLD
2026-02-16,328085.37109375,HOLD
2026-02-17,334229.365234375,HOLD
2026-02-18,330029.365234375,HOLD
2026-02-19,329261.376953125,HOLD
2026-02-20,325109.365234375,HOLD
2026-02-23,318941.376953125,HOLD
2026-02-24,306461.376953125,HOLD
2026-02-25,309965.37109375,HOLD
2026-02-26,309725.37109375,HOLD
2026-02-27,312365.37109375,HOLD
2026-03-02,309677.3828125,HOLD
2026-03-04,314117.3828125,HOLD
2026-03-05,313733.388671875,HOLD
2026-03-06,314357.3828125,HOLD
2026-03-09,315941.376953125,HOLD
2026-03-10,311285.37109375,HOLD
2026-03-11,306653.388671875,HOLD
2026-03-12,304133.388671875,HOLD
2026-03-13,299933.388671875,HOLD
2026-03-16,300293.388671875,HOLD
2026-03-17,296237.3828125,HOLD
2026-03-18,304445.37109375,HOLD
2026-03-19,293333.388671875,HOLD
